url,Tab_link,Video_link
https://tonypolecastro.com/lessons/ace-sleeve-flp/,https://tonypolecastro.com/wp-content/uploads/2015/01/Ace-Up-Your-Sleeve.pdf,https://player.vimeo.com/external/174408131.hd.mp4?s=7882cdfdbdf02a57f06604b1b933d659df80eaef&profile_id=174&download=1
https://tonypolecastro.com/lessons/argos-power-dog-e-flp/,https://tonypolecastro.com/wp-content/uploads/2015/01/Argos-the-Power-Dog.pdf,https://player.vimeo.com/external/198815576.hd.mp4?s=5b736ef0ad3445187c4b4f7fc1ced6ea4dbd3b99&profile_id=174&download=1
https://tonypolecastro.com/lessons/back-asswards-fp/,https://tonypolecastro.com/wp-content/uploads/2015/01/Back-Asswards.pdf,https://player.vimeo.com/external/170883647.hd.mp4?s=999a2767ac8ef8c3f124da9371d72c65237109e4&profile_id=174&download=1
https://tonypolecastro.com/lessons/bearded-lady-e-flp/,https://tonypolecastro.com/wp-content/uploads/2015/01/Bearded-Lady.pdf,https://player.vimeo.com/external/190329323.hd.mp4?s=40a494e5bbc5a7244806e958a5748331b3a2ecbd&profile_id=174&download=1
https://tonypolecastro.com/lessons/big-foot-c-fp/,https://tonypolecastro.com/wp-content/uploads/2015/01/Big-Foot.pdf,https://player.vimeo.com/external/190335437.hd.mp4?s=727f7d793605e4ad0b79f9ececc8f81ece9df281&profile_id=174&download=1
https://tonypolecastro.com/lessons/bingo-bango-g-flp/,https://tonypolecastro.com/wp-content/uploads/2015/01/Bingo-Bango.pdf,https://player.vimeo.com/external/188730036.hd.mp4?s=82706ed520328204e9f23026993e59e160f2af00&profile_id=174&download=1
https://tonypolecastro.com/lessons/blues-barnacle-e-flp/,https://tonypolecastro.com/wp-content/uploads/2015/01/Blues-Barnacle.pdf,https://player.vimeo.com/external/180348538.hd.mp4?s=4c3947426d0dc1f7fb334cc6ecf277361df88c47&profile_id=174&download=1
https://tonypolecastro.com/lessons/bob-barker-em-flp/,https://tonypolecastro.com/wp-content/uploads/2015/01/Bob-Barker.pdf,https://player.vimeo.com/external/198957522.hd.mp4?s=05b39e13d813ca2da14e6bd762ad73f509a94fb1&profile_id=174&download=1
https://tonypolecastro.com/lessons/bonsai-ninja-master-e-flp/,https://tonypolecastro.com/wp-content/uploads/2015/01/Bonsai-the-Ninja-Master.pdf,https://player.vimeo.com/external/198812209.hd.mp4?s=c27d5faed00a389bd2f609ab89e6ebc193041a8c&profile_id=174&download=1
https://tonypolecastro.com/lessons/boogie-woogerton-fp/,https://tonypolecastro.com/wp-content/uploads/2015/01/Boogie-Woogerton.pdf,https://player.vimeo.com/external/180348541.hd.mp4?s=ad2bba56366e50537379099afca23a78f8c28472&profile_id=174&download=1
https://tonypolecastro.com/lessons/brian-boitano-g-flp/,https://tonypolecastro.com/wp-content/uploads/2015/01/Brian-Boitano-1.pdf,https://player.vimeo.com/external/182586230.hd.mp4?s=aecb6a60148aff734f449a8e0ad0535cd7085a28&profile_id=174&download=1
https://tonypolecastro.com/lessons/bugs-bunny-fp/,https://tonypolecastro.com/wp-content/uploads/2015/01/Bugs-Bunny.pdf,https://player.vimeo.com/external/187067585.hd.mp4?s=1a22812005d9340591149009fd55d19d1b71c228&profile_id=174&download=1
https://tonypolecastro.com/lessons/bum-dittly-em-fp/,https://tonypolecastro.com/wp-content/uploads/2015/01/Bum-Dittly.pdf,https://player.vimeo.com/external/190336491.hd.mp4?s=23cd5a7ed31807b53382fadeca49075e3c0506f4&profile_id=174&download=1
https://tonypolecastro.com/lessons/burt-reynolds-g-fp/,https://tonypolecastro.com/wp-content/uploads/2015/01/Burt-Reynolds.pdf,https://player.vimeo.com/external/198955262.hd.mp4?s=f46c2773600a90b1d4cbcf024aa7f4c44f1c1b7f&profile_id=174&download=1
https://tonypolecastro.com/lessons/call-response-d-fp/,https://tonypolecastro.com/wp-content/uploads/2015/01/Call-and-Response.pdf,https://player.vimeo.com/external/180348546.hd.mp4?s=13f4b4be31bf4da7a664ba8def219824cc086470&profile_id=174&download=1
https://tonypolecastro.com/lessons/cement-mixer-c-fp/,https://tonypolecastro.com/wp-content/uploads/2015/01/Cement-Mixer.pdf,https://player.vimeo.com/external/187067590.hd.mp4?s=2da28229bc36883661806616a8b3c4f04ec5c78a&profile_id=174&download=1
https://tonypolecastro.com/lessons/ditka-d-fp/,https://tonypolecastro.com/wp-content/uploads/2015/01/Ditka.pdf,https://player.vimeo.com/external/199247487.hd.mp4?s=e2c57d93623f02f18baf44fd65107bea91b7d903&profile_id=174&download=1
https://tonypolecastro.com/lessons/double-vision-flp/,https://tonypolecastro.com/wp-content/uploads/2015/01/Double-Vision.pdf,https://player.vimeo.com/external/190319889.hd.mp4?s=f30dfd17e9fc09d96de502e3ef09121fd8517fd9&profile_id=174&download=1
https://tonypolecastro.com/lessons/dungeon-master-dm-fp/,https://tonypolecastro.com/wp-content/uploads/2015/01/Dungeon-Master.pdf,https://player.vimeo.com/external/174437378.hd.mp4?s=6419021a8ec6b1761c7f8654067bd7c78a60bbd5&profile_id=174&download=1
https://tonypolecastro.com/lessons/fairy-godmother-g-flp/,https://tonypolecastro.com/wp-content/uploads/2015/01/Fairy-Godmother.pdf,https://player.vimeo.com/external/174428615.hd.mp4?s=a38e7556d1b76959cb41cf0d2ecbd5d2a9dd1fa6&profile_id=174&download=1
https://tonypolecastro.com/lessons/flying-v-d-fp/,https://tonypolecastro.com/wp-content/uploads/2015/01/Flying-V.pdf,https://player.vimeo.com/external/188730095.hd.mp4?s=32899c1c6df30d3546f1a49240181dbfce3efe59&profile_id=174&download=1
https://tonypolecastro.com/lessons/foggy-mountain-guitjo-g-flp/,https://tonypolecastro.com/wp-content/uploads/2015/01/Foggy-Mountain-Guitjo.pdf,https://player.vimeo.com/external/190319894.hd.mp4?s=09dd59ee0fdd0eccc046edb74b5c29575312b712&profile_id=174&download=1
https://tonypolecastro.com/lessons/hello-beautiful-fp/,https://tonypolecastro.com/wp-content/uploads/2015/01/Hello-Beautiful-1.pdf,https://player.vimeo.com/external/182586195.hd.mp4?s=0e659dc4a68038ff322e2854c28a8fc40b2aca65&profile_id=174&download=1
https://tonypolecastro.com/lessons/high-school-prom-flp/,https://tonypolecastro.com/wp-content/uploads/2016/10/High-School-Prom.pdf,https://player.vimeo.com/external/187067615.hd.mp4?s=bc39e16ba66883b95c93c2cb7729a84b6fb81e6f&profile_id=174&download=1
https://tonypolecastro.com/lessons/hrothgar-a-fp/,https://tonypolecastro.com/wp-content/uploads/2015/01/Hrothgar.pdf,https://player.vimeo.com/external/198991358.hd.mp4?s=007c76145e4c19a34f94b580d1fde41b097c2241&profile_id=174&download=1
https://tonypolecastro.com/lessons/hulkamania-c-fp/,https://tonypolecastro.com/wp-content/uploads/2015/01/Hulkamania.pdf,https://player.vimeo.com/external/188071369.hd.mp4?s=cab7d291e59c5c07d3e834bc0679e683a362b6c5&profile_id=174&download=1
https://tonypolecastro.com/lessons/jack-skellington-gm-fp/,https://tonypolecastro.com/wp-content/uploads/2015/01/Jack-Skellington.pdf,https://player.vimeo.com/external/198772462.hd.mp4?s=d58556b74f8e87054e3aa76c7209a7f9dab8517b&profile_id=174&download=1
https://tonypolecastro.com/lessons/mashed-potatos-e-fp/,https://tonypolecastro.com/wp-content/uploads/2015/01/Mashed-Potatoes.pdf,https://player.vimeo.com/external/188730112.hd.mp4?s=5557f747a089d5b54e24ebfcfa25e2cb2d914972&profile_id=174&download=1
https://tonypolecastro.com/lessons/multi-tool-g-flp/,https://tonypolecastro.com/wp-content/uploads/2015/01/Multi-Tool.pdf,https://player.vimeo.com/external/180348537.hd.mp4?s=0a749e3ae7f1ae0b683a49de2df1162737e1cd1e&profile_id=174&download=1
https://tonypolecastro.com/lessons/pledge-power-d-fp/,https://tonypolecastro.com/wp-content/uploads/2015/01/Pledge-Power.pdf,https://player.vimeo.com/external/198767794.hd.mp4?s=af30d6aee09d306a1f903eac2a0f83ddd92a62a3&profile_id=174&download=1
https://tonypolecastro.com/lessons/real-american-hero-d-flp/,https://tonypolecastro.com/wp-content/uploads/2015/01/Real-American-Hero.pdf,https://player.vimeo.com/external/190342983.hd.mp4?s=c7a1fe67115b03b7ba43fd7d6369a0aeba16ff74&profile_id=174&download=1
https://tonypolecastro.com/lessons/ricki-lake-c-flp/,https://tonypolecastro.com/wp-content/uploads/2015/01/Ricki-Lake.pdf,https://player.vimeo.com/external/198967801.hd.mp4?s=7aeb2e2cec1d2558db15245a10148a070bfdd9e3&profile_id=174&download=1
https://tonypolecastro.com/lessons/roller-skating-rink-g-fp/,https://tonypolecastro.com/wp-content/uploads/2015/01/Roller-Skating-Rink.pdf,https://player.vimeo.com/external/170875697.hd.mp4?s=fe241996f79c4d872e828593e9642e3a066da33d&profile_id=174&download=1
https://tonypolecastro.com/lessons/shuttle-run-c-fp/,https://tonypolecastro.com/wp-content/uploads/2015/01/Shuttle-Run-1.pdf,https://player.vimeo.com/external/184897694.hd.mp4?s=fa83da029381b3546736df67a6d3278c4b110171&profile_id=174&download=1
https://tonypolecastro.com/lessons/slapshot-g-flp/,https://tonypolecastro.com/wp-content/uploads/2015/01/Slapshot.pdf,https://player.vimeo.com/external/188071385.hd.mp4?s=624940eb1e04c26254d729c7a9cf6bce1c590d08&profile_id=174&download=1
https://tonypolecastro.com/lessons/special-swamp-sauce-e-fp/,https://tonypolecastro.com/wp-content/uploads/2016/07/Special-Swamp-Sauce.pdf,https://player.vimeo.com/external/174446899.hd.mp4?s=b53288b2b558ad4745e5d641006221e2cf1f9c3e&profile_id=174&download=1
https://tonypolecastro.com/lessons/sweet-spot-g-flp/,https://tonypolecastro.com/wp-content/uploads/2015/01/Sweet-Spot.pdf,https://player.vimeo.com/external/170847041.hd.mp4?s=4193bf2d4cc53926051390aeeff6e789c74162ea&profile_id=174&download=1
https://tonypolecastro.com/lessons/synchronized-success-c-flp/,https://tonypolecastro.com/wp-content/uploads/2015/01/Synchornized-Success.pdf,https://player.vimeo.com/external/170859356.hd.mp4?s=43462eede74b896c5e008ac61b48acf5a726bf9c&profile_id=174&download=1
https://tonypolecastro.com/lessons/suzanne-somers-e-flp/,https://tonypolecastro.com/wp-content/uploads/2015/01/The-Suzanne-Somers-1.pdf,https://player.vimeo.com/external/182586256.hd.mp4?s=3170a9baa1abc885a95a40808e912f5f3d77fb1b&profile_id=174&download=1
https://tonypolecastro.com/lessons/thumpty-dumpty-fp/,https://tonypolecastro.com/wp-content/uploads/2015/01/Thumpty-Dumpty.pdf,https://player.vimeo.com/external/188071404.hd.mp4?s=8e5b89963e73c159554db9bd3e07f4e38f35db13&profile_id=174&download=1
https://tonypolecastro.com/lessons/thunderlips-d-fp/,https://tonypolecastro.com/wp-content/uploads/2015/01/Thunderlips.pdf,https://player.vimeo.com/external/198793379.hd.mp4?s=77b34ea8422003bb9f9e6da09a1c4f81e504f476&profile_id=174&download=1
https://tonypolecastro.com/lessons/tin-man-dm-fp/,https://tonypolecastro.com/wp-content/uploads/2015/01/Tin-Man.pdf,https://player.vimeo.com/external/198790735.hd.mp4?s=644ff893f578a776b0db91db1c96b6e69541c42f&profile_id=174&download=1
https://tonypolecastro.com/lessons/trampoline-accident-d-flp/,https://tonypolecastro.com/wp-content/uploads/2015/01/Trampoline-Accident.pdf,https://player.vimeo.com/external/188730127.hd.mp4?s=e94445a1a0c0ef63115cdb0b78bfc00f5769d480&profile_id=174&download=1
https://tonypolecastro.com/lessons/tribute-mr-rice-d-flp/,https://tonypolecastro.com/wp-content/uploads/2016/10/Tribute-to-Mr.-Rice.pdf,https://player.vimeo.com/external/187067638.hd.mp4?s=c661b609dc737d32f382902054e63d6ceabe31b1&profile_id=174&download=1
https://tonypolecastro.com/lessons/uncle-buck-dm-fp/,https://tonypolecastro.com/wp-content/uploads/2015/01/Uncle-Buck.pdf,https://player.vimeo.com/external/198930032.hd.mp4?s=090b1b39c6102e82fb8ff7321ec2a09a2c568419&profile_id=174&download=1
https://tonypolecastro.com/lessons/wedgie-b-flp/,https://tonypolecastro.com/wp-content/uploads/2015/01/Wedgie.pdf,https://player.vimeo.com/external/198788397.hd.mp4?s=6128fbf2555522eb5a25e5177c1597057a7598b1&profile_id=174&download=1
https://tonypolecastro.com/lessons/weeble-wobbles-g-flp/,https://tonypolecastro.com/wp-content/uploads/2017/03/Weeble-Wobbles.pdf,https://player.vimeo.com/external/198964672.hd.mp4?s=f25e32f63169583d196f03c23e07f33338bc0b8a&profile_id=174&download=1
https://tonypolecastro.com/lessons/hoser-g-flp/,https://tonypolecastro.com/wp-content/uploads/2015/01/You-Hoser.pdf,https://player.vimeo.com/external/198927216.hd.mp4?s=a1fa2c27d2fd93c289f904704f2c65e2192c198b&profile_id=174&download=1
https://tonypolecastro.com/lessons/zombie-walk-flp/,https://tonypolecastro.com/wp-content/uploads/2015/01/Zombie-Walk.pdf,https://player.vimeo.com/external/188071412.hd.mp4?s=952130f83ee1b4e574173fbafa6720e2292b1e36&profile_id=174&download=1
https://tonypolecastro.com/lessons/3-fretted-safety-cushion-g-flp/,https://tonypolecastro.com/wp-content/uploads/2015/01/3-Fretted-Safety-Cushion.pdf,https://player.vimeo.com/external/180978528.hd.mp4?s=ca873e04018bb30888583612ef2758d0748de2f6&profile_id=174&download=1
https://tonypolecastro.com/lessons/beowulf-a-fp/,https://tonypolecastro.com/wp-content/uploads/2015/01/Beowulf.pdf,https://player.vimeo.com/external/199244608.hd.mp4?s=7a8fa30c158e159826f8d9e34b4db8b33e6df330&profile_id=174&download=1
https://tonypolecastro.com/lessons/blue-locomotive-e-flp/,https://tonypolecastro.com/wp-content/uploads/2015/01/Blue-Locamotive.pdf,https://player.vimeo.com/external/180978333.hd.mp4?s=afb129fe83276832d96081bd30713b824d5d0bfc&profile_id=174&download=1
https://tonypolecastro.com/lessons/chord-shape-conundrum-c-flp/,https://tonypolecastro.com/wp-content/uploads/2015/01/Chord-Shape-Conundrum.pdf,https://player.vimeo.com/external/170869191.hd.mp4?s=c67ab464ba17d7055b8eb54e6a2b00b8b4c480ec&profile_id=174&download=1
https://tonypolecastro.com/lessons/clubber-lang-d-fp/,https://tonypolecastro.com/wp-content/uploads/2015/01/Clubber-Lang.pdf,https://player.vimeo.com/external/198808762.hd.mp4?s=a74cf2885cfc117959b68d23bd17f314c1d722ea&profile_id=174&download=1
https://tonypolecastro.com/lessons/coach-q-d-fp/,https://tonypolecastro.com/wp-content/uploads/2015/01/Coach-Q.pdf,https://player.vimeo.com/external/199251090.hd.mp4?s=9b59f87fa5f9e2b2e1850aea236aa36ecefafe48&profile_id=174&download=1
https://tonypolecastro.com/lessons/cobra-commando-d-flp/,https://tonypolecastro.com/wp-content/uploads/2015/01/Cobra-Commando.pdf,https://player.vimeo.com/external/190337153.hd.mp4?s=f52c504a20d13377535fa57e0fba369df861cc25&profile_id=174&download=1
https://tonypolecastro.com/lessons/construction-zone-c-fp/,https://tonypolecastro.com/wp-content/uploads/2015/01/Construction-Zone.pdf,https://player.vimeo.com/external/187067596.hd.mp4?s=b5c89f2cc5edcb8ba97cb668c5fea7f18176809b&profile_id=174&download=1
https://tonypolecastro.com/lessons/deja-vu-flp/,https://tonypolecastro.com/wp-content/uploads/2015/01/Deja-Vu-1.pdf,https://player.vimeo.com/external/190319879.hd.mp4?s=fa405a2cfd5bfd05c5aabc1a11026fd85c737b0f&profile_id=174&download=1
https://tonypolecastro.com/lessons/deliverance-g-flp/,https://tonypolecastro.com/wp-content/uploads/2015/01/Deliverance.pdf,https://player.vimeo.com/external/190319885.hd.mp4?s=c86bfcbd3e8a3c3797892fa69596939a8129d18a&profile_id=174&download=1
https://tonypolecastro.com/lessons/double-axle-g-flp/,https://tonypolecastro.com/wp-content/uploads/2015/01/Double-Axle-1.pdf,https://player.vimeo.com/external/182586223.hd.mp4?s=637e2972a8fc03d31c4e5b38907dd4f8b8bbc6b4&profile_id=174&download=1
https://tonypolecastro.com/lessons/dungeon-despair-dm-fp/,https://tonypolecastro.com/wp-content/uploads/2015/01/Dungeon-Master.pdf,https://player.vimeo.com/external/174437378.hd.mp4?s=6419021a8ec6b1761c7f8654067bd7c78a60bbd5&profile_id=174&download=1
https://tonypolecastro.com/lessons/edward-scissorhands-gm-fp/,https://tonypolecastro.com/wp-content/uploads/2015/01/Edward-Scissorhands.pdf,https://player.vimeo.com/external/198775025.hd.mp4?s=4853a1e37ce10600aa92f285c512603ce15bb434&profile_id=174&download=1
https://tonypolecastro.com/lessons/elmer-fudd-fp/,https://tonypolecastro.com/wp-content/uploads/2015/01/Elmer-Fudd.pdf,https://player.vimeo.com/external/187067603.hd.mp4?s=bb1d92c4e0d1a6f52199af0e9860eb6342af1711&profile_id=174&download=1
https://tonypolecastro.com/lessons/falcor-flies-g-fp/,https://tonypolecastro.com/wp-content/uploads/2015/01/Falcor-Flies-Again.pdf,https://player.vimeo.com/external/172016100.hd.mp4?s=8b7446e413895698185c13a5c74892ee90f90a69&profile_id=174&download=1
https://tonypolecastro.com/lessons/five-minute-rice-d-flp/,https://tonypolecastro.com/wp-content/uploads/2015/01/Five-Minute-Rice.pdf,https://player.vimeo.com/external/187067611.hd.mp4?s=78f9276c50efeb604995540c5761f6e8ecf542a6&profile_id=174&download=1
https://tonypolecastro.com/lessons/four-eyes-fp/,https://tonypolecastro.com/wp-content/uploads/2015/01/Four-Eyes-1.pdf,https://player.vimeo.com/external/182586203.hd.mp4?s=206d3ff3a60ac41b616f22b7cb49f06967d52528&profile_id=174&download=1
https://tonypolecastro.com/lessons/geraldo-rivera-c-flp/,https://tonypolecastro.com/wp-content/uploads/2015/01/Geraldo-Rivera.pdf,https://player.vimeo.com/external/199000618.hd.mp4?s=4d30cdd4286aee5391c5d0a618dfe25d0e18a28e&profile_id=174&download=1
https://tonypolecastro.com/lessons/goldberg-d-fp/,https://tonypolecastro.com/wp-content/uploads/2015/01/Goldberg.pdf,https://player.vimeo.com/external/188730085.hd.mp4?s=9e6c23b37d4346e6672cbb32a29c41c240a34f11&profile_id=174&download=1
https://tonypolecastro.com/lessons/gravy-boat-e-fp/,https://tonypolecastro.com/wp-content/uploads/2015/01/Gravy-Boat.pdf,https://player.vimeo.com/external/188730099.hd.mp4?s=b66a2376b3ae776ed71f45456794ebb9f1604193&profile_id=174&download=1
https://tonypolecastro.com/lessons/great-outdoors-dm-fp/,https://tonypolecastro.com/wp-content/uploads/2017/03/Great-Outdoors.pdf,https://player.vimeo.com/external/198947240.hd.mp4?s=8647d7c53ef7404551eca2b6ba622fd1471c55f7&profile_id=174&download=1
https://tonypolecastro.com/lessons/great-white-north-g-flp/,https://tonypolecastro.com/wp-content/uploads/2015/01/Great-White-North.pdf,https://player.vimeo.com/external/198944311.hd.mp4?s=f93443124481897a0187d65b5b1bc58242cd794a&profile_id=174&download=1
https://tonypolecastro.com/lessons/groucho-marx-g-fp/,https://tonypolecastro.com/wp-content/uploads/2015/01/Groucho-Marx.pdf,https://player.vimeo.com/external/198940917.hd.mp4?s=5077fbe4d90790003737627ed0b2d8265296a48c&profile_id=174&download=1
https://tonypolecastro.com/lessons/hacksaw-jim-duggan-c-fp/,https://tonypolecastro.com/wp-content/uploads/2015/01/Hacksaw-Jim-Duggan.pdf,https://player.vimeo.com/external/188071362.hd.mp4?s=6447116ac3552a958a5249baf36f80057c421876&profile_id=174&download=1
https://tonypolecastro.com/lessons/hi-diddlee-ho-em-fp/,https://tonypolecastro.com/wp-content/uploads/2015/01/Hi-diddlee-ho.pdf,https://player.vimeo.com/external/190341090.hd.mp4?s=b5eaf0638cffec15deb29820da9e0fb05e3e00cc&profile_id=174&download=1
https://tonypolecastro.com/lessons/hidden-sea-awesome-g-flp/,https://tonypolecastro.com/wp-content/uploads/2015/01/Hidden-Sea-of-Awesome.pdf,https://player.vimeo.com/external/174430949.hd.mp4?s=9fe378866c0cff807a65f0a9fbe99ce181eac963&profile_id=174&download=1
https://tonypolecastro.com/lessons/icing-puck-g-flp/,https://tonypolecastro.com/wp-content/uploads/2015/01/Icing.pdf,https://player.vimeo.com/external/188071375.hd.mp4?s=91f138abdf478c9a23d768a0e67d7e603d98d302&profile_id=174&download=1
https://tonypolecastro.com/lessons/jokers-wild-flp/,https://tonypolecastro.com/wp-content/uploads/2015/01/Jokers-Are-Wild.pdf,https://player.vimeo.com/external/174413812.hd.mp4?s=35e7caa5995d0c724747223acc3c77e233876af3&profile_id=174&download=1
https://tonypolecastro.com/lessons/movement-location-d-fp/,https://tonypolecastro.com/wp-content/uploads/2015/01/Movement-and-Location.pdf,https://player.vimeo.com/external/184897680.hd.mp4?s=acc0effeaea08c29bc83141f237a57a95a9c938e&profile_id=174&download=1
https://tonypolecastro.com/lessons/nancy-kerrigan-e-flp/,https://tonypolecastro.com/wp-content/uploads/2015/01/Nancy-Kerrigan-1.pdf,https://player.vimeo.com/external/182586240.hd.mp4?s=df8908eb6a99b97fc5be1c17e65527eab119604d&profile_id=174&download=1
https://tonypolecastro.com/lessons/no-whammy-no-whammy-d-flp/,https://tonypolecastro.com/wp-content/uploads/2015/01/No-Whammy-No-Whammy.pdf,https://player.vimeo.com/external/188730118.hd.mp4?s=46eb1e9ba5eb3b9e9cef51068c9bc9326f01f7fd&profile_id=174&download=1
https://tonypolecastro.com/lessons/octomorphasis-a-fp/,https://tonypolecastro.com/wp-content/uploads/2015/01/Octomorphasis.pdf,https://player.vimeo.com/external/188071380.hd.mp4?s=9f6907377bacdf3ac702d1249602cd0e8bdecfbb&profile_id=174&download=1
https://tonypolecastro.com/lessons/oingo-boingo-g-flp/,https://tonypolecastro.com/wp-content/uploads/2015/01/Oingo-Boingo.pdf,https://player.vimeo.com/external/188730124.hd.mp4?s=e596c4135f6aa87b3341cd191f908f400c54300f&profile_id=174&download=1
https://tonypolecastro.com/lessons/parallel-parking-3/,https://tonypolecastro.com/wp-content/uploads/2015/01/Parallel-Parking.pdf,https://player.vimeo.com/external/170886905.hd.mp4?s=6eae2bbf58809b9dd04e129b86eb225f207894ce&profile_id=174&download=1
https://tonypolecastro.com/lessons/pat-sajak-em-flp/,https://tonypolecastro.com/wp-content/uploads/2015/01/Pat-Sajak.pdf,https://player.vimeo.com/external/198937235.hd.mp4?s=536531ede4d195916d5bdecaac3b022645f1e95c&profile_id=174&download=1
https://tonypolecastro.com/lessons/raking-leaves-e-fp/,https://tonypolecastro.com/wp-content/uploads/2015/01/Raking-the-Leaves.pdf,https://player.vimeo.com/external/174450263.hd.mp4?s=297c855248d4844a22912f3590f1dcb2d3b5d85d&profile_id=174&download=1
https://tonypolecastro.com/lessons/rockem-sockem-robots-g-flp/,https://tonypolecastro.com/wp-content/uploads/2015/01/Rockem-Sockem-Robots.pdf,https://player.vimeo.com/external/198970912.hd.mp4?s=bd9aa3fa81e8c4408922c112b24add3c9101ae9b&profile_id=174&download=1
https://tonypolecastro.com/lessons/rope-climb-c-fp/,https://tonypolecastro.com/wp-content/uploads/2015/01/Rope-Climb-1.pdf,https://player.vimeo.com/external/182586167.hd.mp4?s=ad1aa0b544eb7c94d2390d2426b9f41864c6aeb1&profile_id=174&download=1
https://tonypolecastro.com/lessons/scarecrow-dm-fp/,https://tonypolecastro.com/wp-content/uploads/2015/01/Scarecrow-1.pdf,https://player.vimeo.com/external/198798962.hd.mp4?s=0a857dc70d5137659f9fd46760f46cbc85387e01&profile_id=174&download=1
https://tonypolecastro.com/lessons/scrubbing-bubbles-d-fp/,https://tonypolecastro.com/wp-content/uploads/2015/01/Scrubbing-Bubbles.pdf,https://player.vimeo.com/external/198763122.hd.mp4?s=4d9e453afdd11a6968f0f9d85d73071c8ccf553c&profile_id=174&download=1
https://tonypolecastro.com/lessons/skull-crossbones-flp/,https://tonypolecastro.com/wp-content/uploads/2015/01/Skull-and-Crossbones.pdf,https://player.vimeo.com/external/188071383.hd.mp4?s=b3e8852f6e41cb2579834981cd248cffd3958a1f&profile_id=174&download=1
https://tonypolecastro.com/lessons/strong-man-e-flp/,https://tonypolecastro.com/wp-content/uploads/2015/01/Strong-Man.pdf,https://player.vimeo.com/external/190900229.hd.mp4?s=55481a8d80fb3561e287e20456c63dc04b9159d8&profile_id=174&download=1
https://tonypolecastro.com/lessons/sweeter-spot-g-flp/,https://tonypolecastro.com/wp-content/uploads/2015/01/Sweeter-Spot.pdf,https://player.vimeo.com/external/170851412.hd.mp4?s=f6456ce900eb4e4c63b9f00034d2119841c0a57f&profile_id=174&download=1
https://tonypolecastro.com/lessons/swirly-b-flp/,https://tonypolecastro.com/wp-content/uploads/2015/01/Swirly.pdf,https://player.vimeo.com/external/198796213.hd.mp4?s=aa40deb3f2afb12851ef59811e520fd2386c05dd&profile_id=174&download=1
https://tonypolecastro.com/lessons/total-neck-domination-fp/,https://tonypolecastro.com/wp-content/uploads/2015/01/Total-Neck-Domination.pdf,https://player.vimeo.com/external/180978456.hd.mp4?s=548489e85756b48cad1f8408ca3dcd536146cd73&profile_id=174&download=1
https://tonypolecastro.com/lessons/wallflower-am-flp/,https://tonypolecastro.com/wp-content/uploads/2015/01/Wallflower.pdf,https://player.vimeo.com/external/187067645.hd.mp4?s=9b8ab2e82e75d20dc1ce8104f491be4ef6e3e08e&profile_id=174&download=1
https://tonypolecastro.com/lessons/yeti-c-fp/,https://tonypolecastro.com/wp-content/uploads/2015/01/Yeti.pdf,https://player.vimeo.com/external/190900231.hd.mp4?s=431afa0d904c0215f0d3ff11564be5bb2589b6db&profile_id=174&download=1
https://tonypolecastro.com/lessons/wu1-alternate-picking-flp-2/,https://tonypolecastro.com/wp-content/uploads/2015/01/WU1-Alternate-Picking-SC.pdf,https://player.vimeo.com/external/171826327.hd.mp4?s=02e88de4ec0375649ba276b4b7374ceb5c90f9dd&profile_id=113&download=1
https://tonypolecastro.com/lessons/wu2-alternate-thumb-fp/,https://tonypolecastro.com/wp-content/uploads/2015/01/WU2-Alternate-Thumb-SC.pdf,https://player.vimeo.com/external/171829964.hd.mp4?s=22f71d9f931c9aa5e45b87a5e6928e6a3537122d&profile_id=174&download=1
https://tonypolecastro.com/lessons/wu3-adjacent-strings-flp/,https://tonypolecastro.com/wp-content/uploads/2015/01/WU3-Adjacent-Strings-SC.pdf,https://player.vimeo.com/external/174886468.hd.mp4?s=8a97f7b4959c90096fb162c5d7869ff52b9e5389&profile_id=174&download=1
https://tonypolecastro.com/lessons/wu4-string-awareness-fp/,https://tonypolecastro.com/wp-content/uploads/2015/01/WU4-String-Awareness-SC.pdf,https://player.vimeo.com/external/174891652.hd.mp4?s=32ea08aa6553936538ac405cf79cf56c774ca376&profile_id=174&download=1
https://tonypolecastro.com/lessons/wu5-ddu-crosspicking-flp/,https://tonypolecastro.com/wp-content/uploads/2015/01/WU5-DDU-Crosspicking-SC.pdf,https://player.vimeo.com/external/180355622.hd.mp4?s=22984fa869bfb53ca412917205b0b1a5630a7cc2&profile_id=174&download=1
https://tonypolecastro.com/lessons/wu6-forward-roll-fp/,https://tonypolecastro.com/wp-content/uploads/2015/01/WU6-Forward-Roll-SC.pdf,https://player.vimeo.com/external/180355626.hd.mp4?s=30a45f0f504ad49ed429567394a49318c7e6133b&profile_id=174&download=1
https://tonypolecastro.com/lessons/wu7-finger-pairs-flp/,https://tonypolecastro.com/wp-content/uploads/2015/01/WU7-Finger-Pairs-SC.pdf,https://player.vimeo.com/external/180355641.hd.mp4?s=b7c5f9a5a5b9e24345b933a2a57733fc7568e2ff&profile_id=174&download=1
https://tonypolecastro.com/lessons/wu8-backward-roll-fp/,https://tonypolecastro.com/wp-content/uploads/2015/01/WU8-Backward-Roll-SC.pdf,https://player.vimeo.com/external/180355657.hd.mp4?s=a5cfbd5ec538582ee6b0a3ea7be54385033e1e6a&profile_id=174&download=1
https://tonypolecastro.com/lessons/wu9-finger-duos-flp/,https://tonypolecastro.com/wp-content/uploads/2015/01/WU9-Finger-Duos-SC.pdf,https://player.vimeo.com/external/182586144.hd.mp4?s=75c374d630906e7ffd5596ac678a690c64038b68&profile_id=174&download=1
https://tonypolecastro.com/lessons/wu10-staggered-pinch-fp/,https://tonypolecastro.com/wp-content/uploads/2015/01/WU10-Staggered-Pinch.pdf,https://player.vimeo.com/external/182586114.hd.mp4?s=a01c8fbc033b4d77e7804f5eb12ba7a6251acc3a&profile_id=174&download=1
https://tonypolecastro.com/lessons/wu11-strong-pairs-flp/,https://tonypolecastro.com/wp-content/uploads/2015/01/WU11-Strong-Pairs-1.pdf,https://player.vimeo.com/external/182586126.hd.mp4?s=a366d45b04325649363a798781b9f0627e20b114&profile_id=174&download=1
https://tonypolecastro.com/lessons/wu12-ring-finger-roll-fp/,https://tonypolecastro.com/wp-content/uploads/2015/01/WU12-Ring-Finger-Roll-SC-1.pdf,https://player.vimeo.com/external/182586103.hd.mp4?s=35b37ddeab3692d271b0d90461827ba96591e9be&profile_id=174&download=1
https://tonypolecastro.com/lessons/wu13-inside-flp/,https://tonypolecastro.com/wp-content/uploads/2015/01/WU-Inside-Out-SC-13.pdf,https://player.vimeo.com/external/197510694.hd.mp4?s=0acdb2fb3951a336a366cb1cc2259bd3c288f34a&profile_id=174&download=1
https://tonypolecastro.com/lessons/wu14-traveling-pairs-fp/,https://tonypolecastro.com/wp-content/uploads/2016/12/WU14-Travelling-Pairs-SC.pdf,https://player.vimeo.com/external/197470961.hd.mp4?s=9bbd1071923b7eb8ecde5bad164802949df2ee87&profile_id=174&download=1
https://tonypolecastro.com/lessons/wu15-connecting-pairs-flp-2/,https://tonypolecastro.com/wp-content/uploads/2016/12/WU15-Connecting-Pairs-SC.pdf,https://player.vimeo.com/external/196360719.hd.mp4?s=57d9c442a7ff41dde2f96059245f2afbce7d3c81&profile_id=174&download=1
https://tonypolecastro.com/lessons/wu16-fingerpicking-orientation-fp-2/,https://tonypolecastro.com/wp-content/uploads/2016/12/WU16-Fingerpicking-Orientation-SC.pdf,https://player.vimeo.com/external/196365037.hd.mp4?s=1107ecdebe44d7e16a8162539d98e8ccfa76a282&profile_id=174&download=1
https://tonypolecastro.com/lessons/wu17-even-crosspicking-flp-2/,https://tonypolecastro.com/wp-content/uploads/2016/12/WU17-Even-Crosspicking-SC.pdf,https://player.vimeo.com/external/196368466.hd.mp4?s=4afb7cc721a9be957fcc3fe733b74260bec10ee4&profile_id=174&download=1
https://tonypolecastro.com/lessons/wu18-ring-finger-staircase-fp-2/,https://tonypolecastro.com/wp-content/uploads/2016/12/WU18-Ring-Finger-Staircase-SC.pdf,https://player.vimeo.com/external/196371160.hd.mp4?s=7645c57681057f81cfa2a8d00ce103e46a3b8569&profile_id=174&download=1
https://tonypolecastro.com/lessons/wu19-hammers-pulls-flp-2/,https://tonypolecastro.com/wp-content/uploads/2016/12/WU19-Hammers-and-Pulls-SC.pdf,https://player.vimeo.com/external/196374789.hd.mp4?s=45741df3d96fcd7352b50b5e5108624cfdf2d2e9&profile_id=174&download=1
https://tonypolecastro.com/lessons/wu20-thumb-workout-fp-2/,https://tonypolecastro.com/wp-content/uploads/2016/12/WU20-Thumb-Workout-SC.pdf,https://player.vimeo.com/external/196378464.hd.mp4?s=02ad4a2cda9549d92fd33fb810f25e9cca48f309&profile_id=174&download=1
https://tonypolecastro.com/lessons/wu21-index-reference/,https://tonypolecastro.com/wp-content/uploads/2016/12/WU21-Index-Reference-SC.pdf,https://player.vimeo.com/external/196381413.hd.mp4?s=184a99a887d8b79510e8012a814b54df4c2c3786&profile_id=174&download=1
https://tonypolecastro.com/lessons/wu22-eighth-note-turnaround-fp-2/,https://tonypolecastro.com/wp-content/uploads/2017/03/WU22-Eighth-Note-Turnaround-SC.pdf,https://player.vimeo.com/external/201641242.hd.mp4?s=65bd588830a4482da560b7cc090501772a759f3c&profile_id=174&download=1
https://tonypolecastro.com/lessons/wu23-mixed-values-strings-flp-2/,https://tonypolecastro.com/wp-content/uploads/2016/12/WU23-Mixed-Values-and-Strings-SC.pdf,https://player.vimeo.com/external/199102685.hd.mp4?s=fdd6ead18c312063c09dff8642928ec36b2cd94e&profile_id=174&download=1
https://tonypolecastro.com/lessons/wu24-pinch-study-fp-2/,https://tonypolecastro.com/wp-content/uploads/2016/12/WU24-Pinch-Study-SC.pdf,https://player.vimeo.com/external/199149090.hd.mp4?s=86b57f578fded8da13a2608258ff48f9f55a9dab&profile_id=174&download=1
https://tonypolecastro.com/lessons/wu25-string-locater-flp/,https://tonypolecastro.com/wp-content/uploads/2016/12/WU25-String-Locater-SC.pdf,https://player.vimeo.com/external/201265725.hd.mp4?s=a74f75720d3a4a3c62099fd2fb7313b2fe77e76a&profile_id=174&download=1
https://tonypolecastro.com/lessons/wu26-ring-finger-roundup-fp/,https://tonypolecastro.com/wp-content/uploads/2016/12/WU26-Ring-Finger-Roundup-SC.pdf,https://player.vimeo.com/external/199157118.hd.mp4?s=80fbc4ec255930882b285e3d9c2880d53627cc58&profile_id=174&download=1
https://tonypolecastro.com/lessons/wu27-syncopation-flp/,https://tonypolecastro.com/wp-content/uploads/2016/12/WU27-Syncopation-SC.pdf,https://player.vimeo.com/external/199169822.hd.mp4?s=229f170bdb351671eb22c0baf8577ac40d70c56e&profile_id=174&download=1
https://tonypolecastro.com/lessons/wu28-thumb-awareness-fp/,https://tonypolecastro.com/wp-content/uploads/2016/12/WU28-Thumb-Awareness-SC.pdf,https://player.vimeo.com/external/199176629.hd.mp4?s=39640d535e8e1223974fa4d30f8a99aa5004fab8&profile_id=174&download=1
https://tonypolecastro.com/lessons/wu29-stroke-flp/,https://tonypolecastro.com/wp-content/uploads/2016/12/WU29-Up-Stroke-SC.pdf,https://player.vimeo.com/external/199181829.hd.mp4?s=4946ca84fc3e45aad7e21cba6f377c3dcf44eac2&profile_id=174&download=1
https://tonypolecastro.com/lessons/wu30-triplet-roll-fp/,https://tonypolecastro.com/wp-content/uploads/2016/12/WU30-Triplet-Roll-SC.pdf,https://player.vimeo.com/external/199189062.hd.mp4?s=711e72a2be44009c02459cf7dca757ad8e7602bb&profile_id=174&download=1
https://tonypolecastro.com/lessons/abominable-snowman-c-fp/,https://tonypolecastro.com/wp-content/uploads/2015/01/Abominable-Snowman.pdf,https://player.vimeo.com/external/190327069.hd.mp4?s=5a96d17d2e0ba948e22fdb37c4abab718cacb62c&profile_id=174&download=1
https://tonypolecastro.com/lessons/alex-trebek-em-chord-prog-flp/,https://tonypolecastro.com/wp-content/uploads/2015/01/Alex-Trebek.pdf,https://player.vimeo.com/external/198960357.hd.mp4?s=52090e95c37acc180f5fb5730a3034b03c65b4fa&profile_id=174&download=1
https://tonypolecastro.com/lessons/apollo-creed-d-chord-prog-fp-2/,https://tonypolecastro.com/wp-content/uploads/2015/01/Apollo-Creed.pdf,https://player.vimeo.com/external/198818227.hd.mp4?s=5a43367595307fb69330e290cd694c6614a926e5&profile_id=174&download=1
https://tonypolecastro.com/lessons/arm-hammer-d-fp/,https://tonypolecastro.com/wp-content/uploads/2015/01/Arm-Hammer.pdf,https://player.vimeo.com/external/198779948.hd.mp4?s=5f8fdc5a8a7731c876c0f67ead7f32c600f5e075&profile_id=174&download=1
https://tonypolecastro.com/lessons/around-clock-flp/,https://tonypolecastro.com/wp-content/uploads/2015/01/Around-the-Clock.pdf,https://player.vimeo.com/external/187067577.hd.mp4?s=8db9179d81991e2b1532d801db7b506e7bcc4618&profile_id=174&download=1
https://tonypolecastro.com/lessons/bankrupt-d-flp/,https://tonypolecastro.com/wp-content/uploads/2015/01/Bankrupt.pdf,https://player.vimeo.com/external/188730032.hd.mp4?s=8ba969c419eb3a72332fff3ca905a2fcb94fadd0&profile_id=174&download=1
https://tonypolecastro.com/lessons/big-fluffy-pillow-e-flp/,https://tonypolecastro.com/wp-content/uploads/2015/01/Big-Fluffy-Pillow.pdf,https://player.vimeo.com/external/184360098.hd.mp4?s=1eed0d3af8ed1eb23d1769b612490ec7fa3a37d1&profile_id=174&download=1
https://tonypolecastro.com/lessons/block-party-g-flp/,https://tonypolecastro.com/wp-content/uploads/2015/01/Block-Party.pdf,https://player.vimeo.com/external/170856108.hd.mp4?s=65be3e9a11fc705cbbc4019d87cd752a6d8061da&profile_id=174&download=1
https://tonypolecastro.com/lessons/boogie-barn-fp/,https://tonypolecastro.com/wp-content/uploads/2015/01/Boogie-Barn.pdf,https://player.vimeo.com/external/180978358.hd.mp4?s=50588db6f2e564a808a4489154a01d1185dce623&profile_id=174&download=1
https://tonypolecastro.com/lessons/brain-stew-flp/,https://tonypolecastro.com/wp-content/uploads/2015/01/Brain-Stew.pdf,https://player.vimeo.com/external/188071355.hd.mp4?s=54b693f6a2eb6923bd457fabdff5290f244ced76&profile_id=174&download=1
https://tonypolecastro.com/lessons/buckets-butter-e-fp/,https://tonypolecastro.com/wp-content/uploads/2015/01/Buckets-of-Butter.pdf,https://player.vimeo.com/external/188730041.hd.mp4?s=22ad11bf5827d1ba28cafaed34f462e0f52c1b8e&profile_id=174&download=1
https://tonypolecastro.com/lessons/clunky-transmission-e-fp/,https://tonypolecastro.com/wp-content/uploads/2015/01/Clunky-Transmission.pdf,https://player.vimeo.com/external/174455357.hd.mp4?s=afe9322011a1e1c4907785cd7cf62c693472a225&profile_id=174&download=1
https://tonypolecastro.com/lessons/cool-runnings-dm-chord-prog-fp-2/,https://tonypolecastro.com/wp-content/uploads/2015/01/Cool-Runnings.pdf,https://player.vimeo.com/external/198952223.hd.mp4?s=618d8e4cd4b74f089db58988138ded06245a0adc&profile_id=174&download=1
https://tonypolecastro.com/lessons/cowardly-lion-dm-chord-prog-fp-2/,https://tonypolecastro.com/wp-content/uploads/2015/01/Cowardly-Lion-1.pdf,https://player.vimeo.com/external/198804434.hd.mp4?s=da166516650e8124ff7032adb6654b22ffc974ba&profile_id=174&download=1
https://tonypolecastro.com/lessons/elsinore-g-chord-prog-flp-2/,https://tonypolecastro.com/wp-content/uploads/2015/01/Elsinore.pdf,https://player.vimeo.com/external/198949595.hd.mp4?s=825be2b9c36c1483688ab327b10f41c98b719721&profile_id=174&download=1
https://tonypolecastro.com/lessons/flanders-fiasco-em-fp/,https://tonypolecastro.com/wp-content/uploads/2015/01/Flanders-Fiasco.pdf,https://player.vimeo.com/external/190338648.hd.mp4?s=4a1b9ef8cf2d7486870b472d52c656bd17bafecf&profile_id=174&download=1
https://tonypolecastro.com/lessons/flippety-doo-g-flp/,https://tonypolecastro.com/wp-content/uploads/2015/01/Flippety-Doo.pdf,https://player.vimeo.com/external/188730050.hd.mp4?s=365876c5ae139df392d0926f40dc4becdea348a6&profile_id=174&download=1
https://tonypolecastro.com/lessons/gi-joe-d-flp/,https://tonypolecastro.com/wp-content/uploads/2015/01/GI-Joe.pdf,https://player.vimeo.com/external/190339759.hd.mp4?s=89a2451faacb3e3d1dae20f4efc6b6c07b2c0722&profile_id=174&download=1
https://tonypolecastro.com/lessons/grendel-chord-prog-fp/,https://tonypolecastro.com/wp-content/uploads/2015/01/Grendel.pdf,https://player.vimeo.com/external/198994977.hd.mp4?s=07925c96672dd4249772667b1b9c16541dfcd6f2&profile_id=174&download=1
https://tonypolecastro.com/lessons/hansen-brothers-g-flp/,https://tonypolecastro.com/wp-content/uploads/2015/01/Hansen-Brothers.pdf,https://player.vimeo.com/external/188071365.hd.mp4?s=2986a5a6a2c5e18a6cd979a568be42e76c679c9c&profile_id=174&download=1
https://tonypolecastro.com/lessons/ice-dancing-g-flp/,https://tonypolecastro.com/wp-content/uploads/2015/01/Ice-Dancing-1.pdf,https://player.vimeo.com/external/182586215.hd.mp4?s=ab16d26ef76c65ad8c6b18b8ce2d0f97c9e65587&profile_id=174&download=1
https://tonypolecastro.com/lessons/jerry-springer-c-chord-prog-flp-2/,https://tonypolecastro.com/wp-content/uploads/2017/03/Jerry-Springer.pdf,https://player.vimeo.com/external/198986318.hd.mp4?s=083caba99f4c4ab78a569cad88ed490412468135&profile_id=174&download=1
https://tonypolecastro.com/lessons/ketchup-mustard-flp/,https://tonypolecastro.com/wp-content/uploads/2015/01/Ketchup-and-Mustard.pdf,https://player.vimeo.com/external/190321225.hd.mp4?s=748d20d5ba8e003df851e6eb15379badcdd03157&profile_id=174&download=1
https://tonypolecastro.com/lessons/knuckle-puck-d-fp/,https://tonypolecastro.com/wp-content/uploads/2015/01/Knuckle-Puck.pdf,https://player.vimeo.com/external/188730108.hd.mp4?s=46f37b77176823d8bc2fcb2919c8842962b65d7d&profile_id=174&download=1
https://tonypolecastro.com/lessons/koda-pro-napper-e-chord-prog-flp-2/,https://tonypolecastro.com/wp-content/uploads/2015/01/Koda-the-Pro-Napper.pdf,https://player.vimeo.com/external/198801457.hd.mp4?s=97ddeb676f48f23bf55b4a2339a918bf51b1d1b3&profile_id=174&download=1
https://tonypolecastro.com/lessons/leap-net-will-appear-g-flp/,https://tonypolecastro.com/wp-content/uploads/2015/01/Leap-and-the-Net-Will-Appear.pdf,https://player.vimeo.com/external/180978497.hd.mp4?s=7ec452e1ea2a432f8e0bec121c0cdcc0171f925b&profile_id=174&download=1
https://tonypolecastro.com/lessons/lite-brite-g-chord-prog-flp-2/,https://tonypolecastro.com/wp-content/uploads/2015/01/Lite-Brite.pdf,https://player.vimeo.com/external/198981785.hd.mp4?s=858ccd37ad89ae441b022dfc89fd7c2aff1cab11&profile_id=174&download=1
https://tonypolecastro.com/lessons/magic-wand-g-flp/,https://tonypolecastro.com/wp-content/uploads/2015/01/Magic-Wand.pdf,https://player.vimeo.com/external/174434405.hd.mp4?s=c530439f97e2ade8d2c905eebe0d086d7d006d95&profile_id=174&download=1
https://tonypolecastro.com/lessons/merlins-mutant-brother-g-fp/,https://tonypolecastro.com/wp-content/uploads/2015/01/Merlins-Mutant-Brother.pdf,https://player.vimeo.com/external/170881921.hd.mp4?s=9a439bc001a3fba7c9db4d616c733820f9669c99&profile_id=174&download=1
https://tonypolecastro.com/lessons/nintendo-nuances-fp/,https://tonypolecastro.com/wp-content/uploads/2015/01/Nintendo-Nuances.pdf,https://player.vimeo.com/external/170889341.hd.mp4?s=4dafbb122fcb1c0d9b7b15d9a9b9b76dd6f6408a&profile_id=174&download=1
https://tonypolecastro.com/lessons/orange-safety-cones-c-fp/,https://tonypolecastro.com/wp-content/uploads/2015/01/Orange-Safety-Cones.pdf,https://player.vimeo.com/external/187067620.hd.mp4?s=da79c334a7a7f9b59877bd80766fe9cb95f24c8d&profile_id=174&download=1
https://tonypolecastro.com/lessons/phil-jackson-d-chord-prog-fp/,https://tonypolecastro.com/wp-content/uploads/2015/01/Phil-Jackson.pdf,https://player.vimeo.com/external/198976832.hd.mp4?s=8bf2c862d1f77425912feb072cdec8b99f848c5e&profile_id=174&download=1
https://tonypolecastro.com/lessons/quinoa-quickness-d-flp/,https://tonypolecastro.com/wp-content/uploads/2015/01/Quinoa-Quickness.pdf,https://player.vimeo.com/external/187067629.hd.mp4?s=d063ef0479a52593750272af46c6f3dc5ba63a72&profile_id=174&download=1
https://tonypolecastro.com/lessons/roadrunner-a-fp/,https://tonypolecastro.com/wp-content/uploads/2015/01/Roadrunner.pdf,https://player.vimeo.com/external/187067636.hd.mp4?s=e00e36456c2fc6d93829462296c69f92921cb0d7&profile_id=174&download=1
https://tonypolecastro.com/lessons/shrunken-head-e-flp/,https://tonypolecastro.com/wp-content/uploads/2015/01/Shrunken-Head.pdf,https://player.vimeo.com/external/190900228.hd.mp4?s=72f58bb69b68b007577726948be011524b08fab7&profile_id=174&download=1
https://tonypolecastro.com/lessons/sit-reach-c-fp/,https://tonypolecastro.com/wp-content/uploads/2015/01/Sit-and-Reach-1.pdf,https://player.vimeo.com/external/182586163.hd.mp4?s=99b154780ebd72510c2cc1689119cc158b8a6c48&profile_id=174&download=1
https://tonypolecastro.com/lessons/sliding-home-fp/,https://tonypolecastro.com/wp-content/uploads/2015/01/Sliding-Into-Home-1.pdf,https://player.vimeo.com/external/182586191.hd.mp4?s=73f635565247053705bc9b9027002de44084f843&profile_id=174&download=1
https://tonypolecastro.com/lessons/smoke-mirrors-c-flp/,https://tonypolecastro.com/wp-content/uploads/2015/01/Smoke-and-Mirrors.pdf,https://player.vimeo.com/external/170873174.hd.mp4?s=171a76abfaf99a162d0560a43c31b6cd60d5e8a3&profile_id=174&download=1
https://tonypolecastro.com/lessons/squeal-like-pig-g-flp/,https://tonypolecastro.com/wp-content/uploads/2015/01/Squeal-Like-a-Pig.pdf,https://player.vimeo.com/external/190323792.hd.mp4?s=49af6e1e3b719e69f73c3c78617e58d5162cd599&profile_id=174&download=1
https://tonypolecastro.com/lessons/stackem-high-watchem-fly-d-fp/,https://tonypolecastro.com/wp-content/uploads/2015/01/Stackem-High-and-Watchem-Fly-1.pdf,https://player.vimeo.com/external/180978195.hd.mp4?s=9b97785a8a133347cd0c749052aedd392cd8df6e&profile_id=174&download=1
https://tonypolecastro.com/lessons/ultimate-warrior-c-fp/,https://tonypolecastro.com/wp-content/uploads/2015/01/The-Ultimate-Warrior.pdf,https://player.vimeo.com/external/188071393.hd.mp4?s=5bb77aa70b288a735236dc25d6512b6a1552a8d5&profile_id=174&download=1
https://tonypolecastro.com/lessons/thumptoctotron-a-fp/,https://tonypolecastro.com/wp-content/uploads/2015/01/Thumptoctotron.pdf,https://player.vimeo.com/external/188071399.hd.mp4?s=2e136c11f7323b951cc33633ea7f5114b5ff3e1d&profile_id=174&download=1
https://tonypolecastro.com/lessons/tom-selleck-g-chord-prog-fp-2/,https://tonypolecastro.com/wp-content/uploads/2015/01/Tom-Selleck.pdf,https://player.vimeo.com/external/198932943.hd.mp4?s=05f6653f065b67bcc68c2a3a8808e2479cb880f2&profile_id=174&download=1
https://tonypolecastro.com/lessons/tonya-harding-e-flp/,https://tonypolecastro.com/wp-content/uploads/2015/01/Tonya-Harding-1.pdf,https://player.vimeo.com/external/182586247.hd.mp4?s=15820bcb5b14f3ea2e48b976a4555e30cbe678ef&profile_id=174&download=1
https://tonypolecastro.com/lessons/torture-chamber-dm-fp/,https://tonypolecastro.com/wp-content/uploads/2015/01/Torture-Chamber.pdf,https://player.vimeo.com/external/174444256.hd.mp4?s=e4f9c3ba07929d1913d2b4772dacfb4c7fc8521f&profile_id=174&download=1
https://tonypolecastro.com/lessons/two-kind-flp/,https://tonypolecastro.com/wp-content/uploads/2015/01/Two-of-a-Kind.pdf,https://player.vimeo.com/external/174420816.hd.mp4?s=c82a10f80cc41208a3566e2669937fd1709358ec&profile_id=174&download=1
https://tonypolecastro.com/lessons/veruca-salt-gm-fp/,https://tonypolecastro.com/wp-content/uploads/2015/01/Veruca-Salt.pdf,https://player.vimeo.com/external/198757894.hd.mp4?s=13758ce28b3beb542b74a94a39eae3191f6ba848&profile_id=174&download=1
https://tonypolecastro.com/lessons/wet-willy-b-chord-prog-flp-2/,https://tonypolecastro.com/wp-content/uploads/2015/01/Wet-Willy.pdf,https://player.vimeo.com/external/198784702.hd.mp4?s=f7f16659ff59a3a1c5bb879388f5f71fab9a1ca6&profile_id=174&download=1
https://tonypolecastro.com/lessons/kc1-major-key-c-3/,https://tonypolecastro.com/wp-content/uploads/2015/01/KC1-Major-Key-of-C.pdf,https://player.vimeo.com/external/170646294.hd.mp4?s=3d1aef4ef266c7514540f4356f422cc4a77f4a6c&profile_id=174&download=1
https://tonypolecastro.com/lessons/kc1-minor-key-c-3/,https://tonypolecastro.com/wp-content/uploads/2015/01/KC1-Minor-Key-of-C.pdf,https://player.vimeo.com/external/170648630.hd.mp4?s=2c6d2cd758160350b918a3a575c26c04ea30f7b8&profile_id=174&download=1
https://tonypolecastro.com/lessons/kc1-accidentals-key-c-3/,https://tonypolecastro.com/wp-content/uploads/2015/01/KC1-Accidentals-Key-of-C.pdf,https://player.vimeo.com/external/170651717.hd.mp4?s=a9e85e780cd59d416d8c8fde91b04aa179dc95cd&profile_id=174&download=1
https://tonypolecastro.com/lessons/kc1-mixed-key-c-3/,https://tonypolecastro.com/wp-content/uploads/2015/01/KC1-Mixed-Key-of-C.pdf,https://player.vimeo.com/external/170654359.hd.mp4?s=6ef4d99c714ff6654c6d32e3c94995bd0aae2a2f&profile_id=174&download=1
https://tonypolecastro.com/lessons/kc2-major-key-d-2/,https://tonypolecastro.com/wp-content/uploads/2015/01/KC2-Major-Key-of-D.pdf,https://player.vimeo.com/external/174846664.hd.mp4?s=99381653dbe0b9d54d1ec39adf4e4edb34f8cfd9&profile_id=174&download=1
https://tonypolecastro.com/lessons/kc2-minor-key-d-2/,https://tonypolecastro.com/wp-content/uploads/2015/01/KC2-Minor-Key-of-D.pdf,https://player.vimeo.com/external/174856643.hd.mp4?s=cc9a54786adc3a01990b360811e30c15ede3b4b4&profile_id=174&download=1
https://tonypolecastro.com/lessons/kc2-accidentals-key-d-2/,https://tonypolecastro.com/wp-content/uploads/2015/01/KC2-Accidentals-Key-of-D.pdf,https://player.vimeo.com/external/174861672.hd.mp4?s=940032f2442129c297511fb1ac445b40c870a3c6&profile_id=174&download=1
https://tonypolecastro.com/lessons/kc2-mixed-key-d-3/,https://tonypolecastro.com/wp-content/uploads/2015/01/KC2-Mixed-Key-of-D.pdf,https://player.vimeo.com/external/174880932.hd.mp4?s=6d54e3e5dc0ea149b2ab43944077cc5439d76d7a&profile_id=174&download=1
https://tonypolecastro.com/lessons/kc3-major-key-e-2/,https://tonypolecastro.com/wp-content/uploads/2015/01/KC3-Major-Key-of-E.pdf,https://player.vimeo.com/external/180798285.hd.mp4?s=eb8d96a93503a5b06727ac351625bcda48e72035&profile_id=174&download=1
https://tonypolecastro.com/lessons/kc3-minor-key-e-2/,https://tonypolecastro.com/wp-content/uploads/2015/01/KC3-Minor-Key-of-E.pdf,https://player.vimeo.com/external/180800616.hd.mp4?s=a1523b00d286f69fb658352217ad8a07a90f1831&profile_id=174&download=1
https://tonypolecastro.com/lessons/kc3-accidentals-key-e-2/,https://tonypolecastro.com/wp-content/uploads/2015/01/KC3-Accidentals-Key-of-E.pdf,https://player.vimeo.com/external/180802492.hd.mp4?s=bcd5954ee750ff45a3499e2392a1397b39008382&profile_id=174&download=1
https://tonypolecastro.com/lessons/kc3-mixed-key-e-2/,https://tonypolecastro.com/wp-content/uploads/2015/01/KC3-Mixed-Key-of-E.pdf,https://player.vimeo.com/external/180803735.hd.mp4?s=9bdb9a88205120586a87a248c87de00b843bdcad&profile_id=174&download=1
https://tonypolecastro.com/lessons/kc4-major-key-f-2/,https://tonypolecastro.com/wp-content/uploads/2015/01/KC4-Major-Key-of-F.pdf,https://player.vimeo.com/external/184576601.hd.mp4?s=f2edda075f90ca4c1656e18670c3089d0c6d8e16&profile_id=174&download=1
https://tonypolecastro.com/lessons/kc4-minor-key-f-2/,https://tonypolecastro.com/wp-content/uploads/2015/01/KC4-Minor-Key-of-F.pdf,https://player.vimeo.com/external/184581056.hd.mp4?s=7a23f5e71831746f22cbc0958ca3311e9489ab17&profile_id=174&download=1
https://tonypolecastro.com/lessons/kc4-accidentals-key-f/,https://tonypolecastro.com/wp-content/uploads/2015/01/KC4-Accidentals-Key-of-F.pdf,https://player.vimeo.com/external/184585046.hd.mp4?s=e5d63872486eb8a37a3af2a781b3d9cfc10d4ac5&profile_id=174&download=1
https://tonypolecastro.com/lessons/kc4-mixed-key-f-3/,https://tonypolecastro.com/wp-content/uploads/2015/01/KC4-Mixed-Key-of-F.pdf,https://player.vimeo.com/external/184589134.hd.mp4?s=1c4efbf05ce20723c07f547ba6022bf8da8dcbba&profile_id=174&download=1
https://tonypolecastro.com/lessons/kc5-major-key-g-2/,https://tonypolecastro.com/wp-content/uploads/2015/01/KC5-Major-Key-of-G.pdf,https://player.vimeo.com/external/188020771.hd.mp4?s=faedf57d1b27a4821b88bfbb675251f00be8686e&profile_id=174&download=1
https://tonypolecastro.com/lessons/kc5-minor-key-g-2/,https://tonypolecastro.com/wp-content/uploads/2015/01/KC5-Minor-Key-of-G.pdf,https://player.vimeo.com/external/189159589.hd.mp4?s=43e4747923c73482c891112f4065bec26bef243c&profile_id=174&download=1
https://tonypolecastro.com/lessons/kc5-accidentals-key-g-2/,https://tonypolecastro.com/wp-content/uploads/2015/01/KC5-Accidentals-Key-of-G.pdf,https://player.vimeo.com/external/189164082.hd.mp4?s=216304c5e1fa620e14ac17ee246ef754eec3e2b1&profile_id=174&download=1
https://tonypolecastro.com/lessons/kc5-mixed-key-g-2/,https://tonypolecastro.com/wp-content/uploads/2015/01/KC5-Mixed-Key-of-G.pdf,https://player.vimeo.com/external/189169782.hd.mp4?s=7422dcff227d2328325c9bfd6559bae27b04aad4&profile_id=174&download=1
https://tonypolecastro.com/lessons/kc6-major-key-2/,https://tonypolecastro.com/wp-content/uploads/2015/01/KC6-Major-Key-of-A.pdf,https://player.vimeo.com/external/194913615.hd.mp4?s=ea35ddbee42f9c3e02033f42a74cf612f4468815&profile_id=174&download=1
https://tonypolecastro.com/lessons/kc6-minor-key-2/,https://tonypolecastro.com/wp-content/uploads/2015/01/KC6-Minor-Key-of-A.pdf,https://player.vimeo.com/external/194916195.hd.mp4?s=53f03b10e5af595c6039c17a2f1d2919c026cce1&profile_id=174&download=1
https://tonypolecastro.com/lessons/kc6-accidentals-key-2/,https://tonypolecastro.com/wp-content/uploads/2015/01/KC6-Accidentals-Key-of-A.pdf,https://player.vimeo.com/external/195008215.hd.mp4?s=2248d17751d71da67327f7684786123dccd77897&profile_id=174&download=1
https://tonypolecastro.com/lessons/kc6-mixed-key-2/,https://tonypolecastro.com/wp-content/uploads/2015/01/KC6-Mixed-Key-of-A.pdf,https://player.vimeo.com/external/195014239.hd.mp4?s=d3cfc7730bc48d9495eca91fa7dc45a37ea5e1c5&profile_id=174&download=1
https://tonypolecastro.com/lessons/kc7-major-key-b-2/,https://tonypolecastro.com/wp-content/uploads/2015/01/KC7-Major-Key-of-B-.pdf,https://player.vimeo.com/external/196274276.hd.mp4?s=054fbcdc73e13eb02ff0286f7227ab63c1675d6d&profile_id=174&download=1
https://tonypolecastro.com/lessons/kc7-minor-key-b-2/,https://tonypolecastro.com/wp-content/uploads/2015/01/KC7-Minor-Key-of-B.pdf,https://player.vimeo.com/external/196275516.hd.mp4?s=9e3d1db7a2cccdf8b12d2b68bfee236a289db51e&profile_id=174&download=1
https://tonypolecastro.com/lessons/kc7-accidentals-key-b-2/,https://tonypolecastro.com/wp-content/uploads/2015/01/KC7-Accidentals-Key-of-B.pdf,https://player.vimeo.com/external/196591599.hd.mp4?s=57e3fef42953ca231a47970784a74353eb54bd42&profile_id=174&download=1
https://tonypolecastro.com/lessons/kc7-mixed-key-b-2/,https://tonypolecastro.com/wp-content/uploads/2015/01/KC7-Mixed-Key-of-B.pdf,https://player.vimeo.com/external/196793662.hd.mp4?s=b26f00dc2948da4b9fe0a59d2fae60dda5278d99&profile_id=174&download=1
https://tonypolecastro.com/lessons/kc8-minor-key-2/,https://tonypolecastro.com/wp-content/uploads/2015/01/KC8-Minor-Key-of-Am.pdf,https://player.vimeo.com/external/199327317.hd.mp4?s=1e81768623758a5247266b67b311e84a2c24a924&profile_id=174&download=1
https://tonypolecastro.com/lessons/kc8-major-key-2/,https://tonypolecastro.com/wp-content/uploads/2015/01/KC8-Major-Key-of-Am.pdf,https://player.vimeo.com/external/199325931.hd.mp4?s=d51c8898b7fb702e385c0e5a9c2c6164601b2455&profile_id=174&download=1
https://tonypolecastro.com/lessons/kc8-accidentals-key-2/,https://tonypolecastro.com/wp-content/uploads/2015/01/KC8-Accidentals-Key-of-Am.pdf,https://player.vimeo.com/external/199654146.hd.mp4?s=f02b9adff56778f78e9c8d37b3209621246bad6a&profile_id=174&download=1
https://tonypolecastro.com/lessons/kc8-mixed-key-2/,https://tonypolecastro.com/wp-content/uploads/2015/01/KC8-Mixed-Key-of-Am.pdf,https://player.vimeo.com/external/199655615.hd.mp4?s=30685c060ccda57952ad75826f09d836168f68e4&profile_id=174&download=1
https://tonypolecastro.com/lessons/kc9-minor-key-bm-2/,https://tonypolecastro.com/wp-content/uploads/2015/01/KC9-Minor-Key-of-Bm.pdf,https://player.vimeo.com/external/199701427.hd.mp4?s=0cdb51654db206c9a86ef995b332eb4cfa4a2a74&profile_id=174&download=1
https://tonypolecastro.com/lessons/kc9-major-key-bm-2/,https://tonypolecastro.com/wp-content/uploads/2015/01/KC9-Major-Key-of-Bm.pdf,https://player.vimeo.com/external/199691645.hd.mp4?s=4462b12206e9259688c7d2a8b25d75be37f5f72a&profile_id=174&download=1
https://tonypolecastro.com/lessons/kc9-accidentals-key-bm-2/,https://tonypolecastro.com/wp-content/uploads/2015/01/KC9-Accidentals-Key-of-Bm.pdf,https://player.vimeo.com/external/199661631.hd.mp4?s=37752f65d529455334de33c656945fa6dff60117&profile_id=174&download=1
https://tonypolecastro.com/lessons/kc9-mixed-key-bm-2/,https://tonypolecastro.com/wp-content/uploads/2015/01/KC9-Mixed-Key-of-Bm.pdf,https://player.vimeo.com/external/199702987.hd.mp4?s=90c6b0a674b731de14b3f8e54d0966bd79b5eeda&profile_id=174&download=1
https://tonypolecastro.com/lessons/kc10-minor-key-dm-2/,https://tonypolecastro.com/wp-content/uploads/2015/01/KC10-Minor-Key-of-Dm.pdf,https://player.vimeo.com/external/199707651.hd.mp4?s=cf803564d6c313e40d0db8ea48f28ce3a30fa9df&profile_id=174&download=1
https://tonypolecastro.com/lessons/kc10-major-key-dm-2/,https://tonypolecastro.com/wp-content/uploads/2015/01/KC10-Major-Key-of-Dm.pdf,https://player.vimeo.com/external/199706193.hd.mp4?s=da89c6e22abfa5466429c62a785cd080a9fdf79c&profile_id=174&download=1
https://tonypolecastro.com/lessons/kc10-accidentals-key-dm-2/,https://tonypolecastro.com/wp-content/uploads/2015/01/KC10-Accidentals-Key-of-Dm.pdf,https://player.vimeo.com/external/199704983.hd.mp4?s=dc3d35158245a2afdf5373c39b90d02ccac1596d&profile_id=174&download=1
https://tonypolecastro.com/lessons/kc10-mixed-key-dm-2/,https://tonypolecastro.com/wp-content/uploads/2015/01/KC10-Mixed-Key-of-Dm.pdf,https://player.vimeo.com/external/199709373.hd.mp4?s=9ffab44827aa1953031e02ff1e2a9d810c7c1d67&profile_id=174&download=1
https://tonypolecastro.com/lessons/kc11-minor-key-em-2/,https://tonypolecastro.com/wp-content/uploads/2015/01/KC11-Minor-Key-of-Em.pdf,https://player.vimeo.com/external/199715226.hd.mp4?s=18911bcf0ad25e8722d86afb7ed17f46e66ff0ac&profile_id=174&download=1
https://tonypolecastro.com/lessons/kc11-major-key-em-2/,https://tonypolecastro.com/wp-content/uploads/2015/01/KC11-Major-Key-of-Em.pdf,https://player.vimeo.com/external/199716919.hd.mp4?s=8433f6db411ef38e1355e19f9985afa76f053696&profile_id=174&download=1
https://tonypolecastro.com/lessons/kc11-accidentals-key-em-2/,https://tonypolecastro.com/wp-content/uploads/2015/01/KC11-Accidentals-Key-of-Em.pdf,https://player.vimeo.com/external/199711552.hd.mp4?s=0991c657ca392dfd8674e3b8ef4aa30e2ccb44e3&profile_id=174&download=1
https://tonypolecastro.com/lessons/kc11-mixed-key-em-2/,https://tonypolecastro.com/wp-content/uploads/2015/01/KC11-Mixed-Key-of-Em.pdf,https://player.vimeo.com/external/199720893.hd.mp4?s=a7fe4eefc2e26b3dc3d44066b9fa37887f881f12&profile_id=174&download=1
https://tonypolecastro.com/lessons/kc12-major-key-g-barre-2/,https://tonypolecastro.com/wp-content/uploads/2015/01/KC12-Major-Key-of-G-Barre.pdf,https://player.vimeo.com/external/202039346.hd.mp4?s=ea73de28298179cb31f0359cc65e03ef40dfabc3&profile_id=174&download=1
https://tonypolecastro.com/lessons/kc12-minor-key-g-barre-2/,https://tonypolecastro.com/wp-content/uploads/2015/01/KC12-Minor-Key-of-G-Barre.pdf,https://player.vimeo.com/external/202755217.hd.mp4?s=d13602b781dcca8091c43ff2b33228e7e9e68a5b&profile_id=174&download=1
https://tonypolecastro.com/lessons/kc12-accidentals-key-g-barre-2/,https://tonypolecastro.com/wp-content/uploads/2015/01/KC12-Accidental-Key-of-G-Barre.pdf,https://player.vimeo.com/external/202043665.hd.mp4?s=4fe1b602064490fc5298daa0e89a611c149a1980&profile_id=174&download=1
https://tonypolecastro.com/lessons/kc12-mixed-key-g-barre-2/,https://tonypolecastro.com/wp-content/uploads/2015/01/KC12-Mixed-Key-of-G-Barre.pdf,https://player.vimeo.com/external/202045709.hd.mp4?s=0083ed8a827cfd69c292ec19d983cd1513071f96&profile_id=174&download=1
https://tonypolecastro.com/lessons/kc13-major-key-c-barre-2/,https://tonypolecastro.com/wp-content/uploads/2015/01/KC13-Major-Key-of-C-Barre-1.pdf,https://player.vimeo.com/external/202933431.hd.mp4?s=559411f8921a2f2fda2a610b6fd5ec6395daa67f&profile_id=174&download=1
https://tonypolecastro.com/lessons/kc13-minor-key-c-barre-2/,https://tonypolecastro.com/wp-content/uploads/2015/01/KC13-Minor-Key-of-C-Barre.pdf,https://player.vimeo.com/external/202939506.hd.mp4?s=fe99ad2d2ccdcb34228c7235731952f1eb46a2b4&profile_id=174&download=1
https://tonypolecastro.com/lessons/kc13-accidentals-key-c-barre-2/,https://tonypolecastro.com/wp-content/uploads/2015/01/KC13-Accidentals-Key-of-C-Barre.pdf,https://player.vimeo.com/external/202941247.hd.mp4?s=d1f8a97df9155ca1d72a2f1eb847ceb853d369e1&profile_id=174&download=1
https://tonypolecastro.com/lessons/kc13-mixed-key-c-barre-2/,https://tonypolecastro.com/wp-content/uploads/2015/01/KC13-Mixed-Key-of-C-Barre.pdf,https://player.vimeo.com/external/202943283.hd.mp4?s=7fcc4194ffe44fe813522d9b2306224aa8624b86&profile_id=174&download=1
https://tonypolecastro.com/lessons/kc14-major-key-barre/,https://tonypolecastro.com/wp-content/uploads/2015/01/KC14-Major-Key-of-A-Barre.pdf,https://player.vimeo.com/external/204878526.hd.mp4?s=9b6cf93b9c127a2042c7f0756bd304d56fca3096&profile_id=174&download=1
https://tonypolecastro.com/lessons/kc14-minor-key-barre/,https://tonypolecastro.com/wp-content/uploads/2015/01/KC14-Minor-Key-of-A-Barre.pdf,https://player.vimeo.com/external/204884026.hd.mp4?s=5b50ec4c1867d14028a1e3ef024e1e4817dd0319&profile_id=174&download=1
https://tonypolecastro.com/lessons/kc14-accidentals-key-barre/,https://tonypolecastro.com/wp-content/uploads/2015/01/KC14-Accidentals-Key-of-A-Barre.pdf,https://player.vimeo.com/external/205050980.hd.mp4?s=d862b4a52ced0a07764d0acaafaf2ed3c5fc68e0&profile_id=174&download=1
https://tonypolecastro.com/lessons/kc14-mixed-key-barre/,https://tonypolecastro.com/wp-content/uploads/2015/01/KC14-Mixed-Key-of-A-Barre.pdf,https://player.vimeo.com/external/204886945.hd.mp4?s=97e0b55ef33e6782bf6891fe3e16aecdb638aa43&profile_id=174&download=1
https://tonypolecastro.com/lessons/kc15-major-key-d-barre/,https://tonypolecastro.com/wp-content/uploads/2015/01/KC15-Major-Key-of-D-Barre.pdf,https://player.vimeo.com/external/204891754.hd.mp4?s=c482ccf9848e7fc6e840480955dee41a61ff716f&profile_id=174&download=1
https://tonypolecastro.com/lessons/kc15-minor-key-d-barre/,https://tonypolecastro.com/wp-content/uploads/2015/01/KC15-Minor-Key-of-D-Barre.pdf,https://player.vimeo.com/external/204897036.hd.mp4?s=8b42ec1239e4790baa3243b57d403145efbbbd5a&profile_id=174&download=1
https://tonypolecastro.com/lessons/kc15-accidentals-key-d-barre/,https://tonypolecastro.com/wp-content/uploads/2015/01/KC15-Accidentals-Key-of-D-Barre.pdf,https://player.vimeo.com/external/204898561.hd.mp4?s=e82b75087397b61fb7ddd6ceb88dcf646c6b1fbb&profile_id=174&download=1
https://tonypolecastro.com/lessons/kc15-mixed-key-d-barre/,https://tonypolecastro.com/wp-content/uploads/2015/01/KC15-Mixed-Key-of-D-Barre.pdf,https://player.vimeo.com/external/205546401.hd.mp4?s=64c51d4d669c42f0dc5abaca2019b99ce195cbdc&profile_id=174&download=1
