"url","PDFs","Videos"
"https://tonypolecastro.com/topic/changing-strings/","","<iframe src=""https://player.vimeo.com/video/136971404?color=5cb85c&amp;title=0&amp;byline=0&amp;portrait=0"" frameborder=""0"" webkitallowfullscreen="""" mozallowfullscreen="""" allowfullscreen="""" id=""fitvid316341""></iframe>"
"https://tonypolecastro.com/topic/guitar-cleaning/","","<iframe src=""https://player.vimeo.com/video/137011807?color=5cb85c&amp;title=0&amp;byline=0&amp;portrait=0"" frameborder=""0"" webkitallowfullscreen="""" mozallowfullscreen="""" allowfullscreen="""" id=""fitvid463584""></iframe>"
"https://tonypolecastro.com/topic/humidity/","","<iframe src=""https://player.vimeo.com/video/137011809?color=5cb85c&amp;title=0&amp;byline=0&amp;portrait=0"" frameborder=""0"" webkitallowfullscreen="""" mozallowfullscreen="""" allowfullscreen="""" id=""fitvid133195""></iframe>"
"https://tonypolecastro.com/topic/truss-rod/","","<iframe src=""https://player.vimeo.com/video/137283068?color=5cb85c&amp;title=0&amp;byline=0&amp;portrait=0"" frameborder=""0"" webkitallowfullscreen="""" mozallowfullscreen="""" allowfullscreen="""" id=""fitvid648982""></iframe>"
"https://tonypolecastro.com/topic/strap-button/","","<iframe src=""https://player.vimeo.com/video/137011813?color=5cb85c&amp;title=0&amp;byline=0&amp;portrait=0"" frameborder=""0"" webkitallowfullscreen="""" mozallowfullscreen="""" allowfullscreen="""" id=""fitvid863421""></iframe>"
"https://tonypolecastro.com/topic/bridge-pins/","","<iframe src=""https://player.vimeo.com/video/137011812?color=5cb85c&amp;title=0&amp;byline=0&amp;portrait=0"" frameborder=""0"" webkitallowfullscreen="""" mozallowfullscreen="""" allowfullscreen="""" id=""fitvid274487""></iframe>"
"https://tonypolecastro.com/topic/sound-hole-pickup/","","<iframe src=""https://player.vimeo.com/video/137011811?color=5cb85c&amp;title=0&amp;byline=0&amp;portrait=0"" frameborder=""0"" webkitallowfullscreen="""" mozallowfullscreen="""" allowfullscreen="""" id=""fitvid964812""></iframe>"
"https://tonypolecastro.com/topic/luthier/","","<iframe src=""https://player.vimeo.com/video/137011808?color=5cb85c&amp;title=0&amp;byline=0&amp;portrait=0"" frameborder=""0"" webkitallowfullscreen="""" mozallowfullscreen="""" allowfullscreen="""" id=""fitvid650872""></iframe>"
"https://tonypolecastro.com/lessons/lesson-1/","","<iframe src=""https://player.vimeo.com/video/225447464"" frameborder=""0"" title=""Slide Guitar 101: L1 The Tools"" webkitallowfullscreen="""" mozallowfullscreen="""" allowfullscreen="""" id=""fitvid69665""></iframe>"
"https://tonypolecastro.com/lessons/lesson-2/","","<iframe src=""https://player.vimeo.com/video/225448995"" frameborder=""0"" title=""Slide Guitar 101: L2 Left Hand Technique"" webkitallowfullscreen="""" mozallowfullscreen="""" allowfullscreen="""" id=""fitvid5034""></iframe>"
"https://tonypolecastro.com/lessons/lesson-3/","","<iframe src=""https://player.vimeo.com/video/225451420"" frameborder=""0"" title=""Slide Guitar 101: L3 Right Hand Technique"" webkitallowfullscreen="""" mozallowfullscreen="""" allowfullscreen="""" id=""fitvid145658""></iframe>"
"https://tonypolecastro.com/lessons/lesson-4/","","<iframe src=""https://player.vimeo.com/video/225453023"" frameborder=""0"" title=""Slide Guitar 101: L4 Put it Together &amp; Play!"" webkitallowfullscreen="""" mozallowfullscreen="""" allowfullscreen="""" id=""fitvid86195""></iframe>"
"https://tonypolecastro.com/lessons/lesson-5-play-blues/","","<iframe src=""https://player.vimeo.com/video/225455510"" frameborder=""0"" title=""Slide Guitar 101: L5 Play The Blues!"" webkitallowfullscreen="""" mozallowfullscreen="""" allowfullscreen="""" id=""fitvid889383""></iframe>"
"https://tonypolecastro.com/lessons/capo-comprehension-proper-application/","","<iframe src=""https://player.vimeo.com/video/214715881"" frameborder=""0"" title=""How &amp; Why of Capos Lesson 1"" webkitallowfullscreen="""" mozallowfullscreen="""" allowfullscreen="""" id=""fitvid664619""></iframe>"
"https://tonypolecastro.com/lessons/capo-comprehension-adjusting-vocal-range/","","<iframe src=""https://player.vimeo.com/video/214901407"" frameborder=""0"" title=""How &amp; Why of Capos Lesson 2"" webkitallowfullscreen="""" mozallowfullscreen="""" allowfullscreen="""" id=""fitvid696922""></iframe>"
"https://tonypolecastro.com/lessons/capo-comprehension-transposing-chord-shapes/","","<iframe src=""https://player.vimeo.com/video/214902045"" frameborder=""0"" title=""How &amp; Why of Capos Lesson 3"" webkitallowfullscreen="""" mozallowfullscreen="""" allowfullscreen="""" id=""fitvid348004""></iframe>"
"https://tonypolecastro.com/topic/capo-transposition-exercise/","https://tonypolecastro.com/wp-content/uploads/2015/01/Capo-Course-Shape-Transposition.pdf","<iframe src=""https://player.vimeo.com/video/214903178"" frameborder=""0"" title=""How &amp; Why of Capos All About Capos (Lesson 3 Exercise)"" webkitallowfullscreen="""" mozallowfullscreen="""" allowfullscreen="""" id=""fitvid792614""></iframe>"
"https://tonypolecastro.com/lessons/capo-comprehension-alternate-tunings-partial-capos/","","<iframe src=""https://player.vimeo.com/video/214902692"" frameborder=""0"" title=""How &amp; Why of Capos Lesson 4"" webkitallowfullscreen="""" mozallowfullscreen="""" allowfullscreen="""" id=""fitvid137059""></iframe>"
"https://tonypolecastro.com/lessons/capo-comprehension-congratulations/","","<iframe src=""https://player.vimeo.com/video/214901194"" frameborder=""0"" title=""How &amp; Why of Capos Congrats"" webkitallowfullscreen="""" mozallowfullscreen="""" allowfullscreen="""" id=""fitvid744166""></iframe>"
"https://tonypolecastro.com/lessons/capo-comprehension-live-qa/","","<iframe src=""https://www.youtube.com/embed/qEM71sbF5FE?feature=oembed"" frameborder=""0"" allowfullscreen="""" id=""fitvid712553""></iframe>"
"https://tonypolecastro.com/lessons/fretting-hand-toolbox-hammer-ons/","https://tonypolecastro.com/wp-content/uploads/2015/01/Fretting-Hand-Toolbox-Ex.-1.1.pdf; https://tonypolecastro.com/wp-content/uploads/2015/01/Fretting-Hand-Toolbox-Ex.-1.2.pdf","<iframe src=""https://player.vimeo.com/video/213722889"" frameborder=""0"" title=""FHT Lesson 1 INTRO"" webkitallowfullscreen="""" mozallowfullscreen="""" allowfullscreen="""" id=""fitvid513016""></iframe>; <iframe src=""https://player.vimeo.com/video/213723745?loop=1"" frameborder=""0"" title=""FHT Lesson 1 PART1 Explain"" webkitallowfullscreen="""" mozallowfullscreen="""" allowfullscreen="""" id=""fitvid222676""></iframe>; <iframe src=""https://player.vimeo.com/video/213723874?loop=1"" frameborder=""0"" title=""FHT Lesson 1 PART1 SLOW"" webkitallowfullscreen="""" mozallowfullscreen="""" allowfullscreen="""" id=""fitvid571750""></iframe>; <iframe src=""https://player.vimeo.com/video/213724176?loop=1"" frameborder=""0"" title=""FHT Lesson 1 PART1 MEDIUM"" webkitallowfullscreen="""" mozallowfullscreen="""" allowfullscreen="""" id=""fitvid232911""></iframe>; <iframe src=""https://player.vimeo.com/video/213724142?loop=1"" frameborder=""0"" title=""FHT Lesson 1 PART1 FAST"" webkitallowfullscreen="""" mozallowfullscreen="""" allowfullscreen="""" id=""fitvid566255""></iframe>; <iframe src=""https://player.vimeo.com/video/213724263?loop=1"" frameborder=""0"" title=""FHT Lesson 1 PART2 INTRO"" webkitallowfullscreen="""" mozallowfullscreen="""" allowfullscreen="""" id=""fitvid216368""></iframe>; <iframe src=""https://player.vimeo.com/video/213724484?loop=1"" frameborder=""0"" title=""FHT Lesson 1 PART2 SLOW"" webkitallowfullscreen="""" mozallowfullscreen="""" allowfullscreen="""" id=""fitvid632385""></iframe>; <iframe src=""https://player.vimeo.com/video/213724449?loop=1"" frameborder=""0"" title=""FHT Lesson 1 PART2 MEDIUM"" webkitallowfullscreen="""" mozallowfullscreen="""" allowfullscreen="""" id=""fitvid50999""></iframe>; <iframe src=""https://player.vimeo.com/video/213724227?loop=1"" frameborder=""0"" title=""FHT Lesson 1 PART2 FAST"" webkitallowfullscreen="""" mozallowfullscreen="""" allowfullscreen="""" id=""fitvid492631""></iframe>"
"https://tonypolecastro.com/lessons/fretting-hand-toolbox-pull-offs/","https://tonypolecastro.com/wp-content/uploads/2015/01/Fretting-Hand-Toolbox-Ex.-2.1.pdf; https://tonypolecastro.com/wp-content/uploads/2015/01/Fretting-Hand-Toolbox-Ex.-2.2.pdf","<iframe src=""https://player.vimeo.com/video/214064763"" frameborder=""0"" title=""FHT Lesson 2 INTRO"" webkitallowfullscreen="""" mozallowfullscreen="""" allowfullscreen="""" id=""fitvid744633""></iframe>; <iframe src=""https://player.vimeo.com/video/214065411?loop=1"" frameborder=""0"" title=""FHT Lesson 2 PART1 Explain"" webkitallowfullscreen="""" mozallowfullscreen="""" allowfullscreen="""" id=""fitvid433580""></iframe>; <iframe src=""https://player.vimeo.com/video/214065647?loop=1"" frameborder=""0"" title=""FHT Lesson 2 PART1 SLOW"" webkitallowfullscreen="""" mozallowfullscreen="""" allowfullscreen="""" id=""fitvid477947""></iframe>; <iframe src=""https://player.vimeo.com/video/214065604?loop=1"" frameborder=""0"" title=""FHT Lesson 2 PART1 MEDIUM"" webkitallowfullscreen="""" mozallowfullscreen="""" allowfullscreen="""" id=""fitvid59787""></iframe>; <iframe src=""https://player.vimeo.com/video/214065562?loop=1"" frameborder=""0"" title=""FHT Lesson 2 PART1 FAST"" webkitallowfullscreen="""" mozallowfullscreen="""" allowfullscreen="""" id=""fitvid926887""></iframe>; <iframe src=""https://player.vimeo.com/video/214065735?loop=1"" frameborder=""0"" title=""FHT Lesson 2 PART2 INTRO"" webkitallowfullscreen="""" mozallowfullscreen="""" allowfullscreen="""" id=""fitvid584330""></iframe>; <iframe src=""https://player.vimeo.com/video/214065962?loop=1"" frameborder=""0"" title=""FHT Lesson 2 PART2 SLOW"" webkitallowfullscreen="""" mozallowfullscreen="""" allowfullscreen="""" id=""fitvid845653""></iframe>; <iframe src=""https://player.vimeo.com/video/214065930?loop=1"" frameborder=""0"" title=""FHT Lesson 2 PART2 MEDIUM"" webkitallowfullscreen="""" mozallowfullscreen="""" allowfullscreen="""" id=""fitvid217517""></iframe>; <iframe src=""https://player.vimeo.com/video/214065708?loop=1"" frameborder=""0"" title=""FHT Lesson 2 PART2 FAST"" webkitallowfullscreen="""" mozallowfullscreen="""" allowfullscreen="""" id=""fitvid464545""></iframe>"
"https://tonypolecastro.com/lessons/fretting-hand-toolbox-slides/","https://tonypolecastro.com/wp-content/uploads/2015/01/Fretting-Hand-Toolbox-Ex.-3.1.pdf; https://tonypolecastro.com/wp-content/uploads/2015/01/Fretting-Hand-Toolbox-Ex.-3.2.pdf","<iframe src=""https://player.vimeo.com/video/214066215"" frameborder=""0"" title=""FHT Lesson 3 INTRO"" webkitallowfullscreen="""" mozallowfullscreen="""" allowfullscreen="""" id=""fitvid677938""></iframe>; <iframe src=""https://player.vimeo.com/video/214066783?loop=1"" frameborder=""0"" title=""FHT Lesson 3 PART1 Explain"" webkitallowfullscreen="""" mozallowfullscreen="""" allowfullscreen="""" id=""fitvid110494""></iframe>; <iframe src=""https://player.vimeo.com/video/214066964?loop=1"" frameborder=""0"" title=""FHT Lesson 3 PART1 SLOW"" webkitallowfullscreen="""" mozallowfullscreen="""" allowfullscreen="""" id=""fitvid544594""></iframe>; <iframe src=""https://player.vimeo.com/video/214066926?loop=1"" frameborder=""0"" title=""FHT Lesson 3 PART1 MEDIUM"" webkitallowfullscreen="""" mozallowfullscreen="""" allowfullscreen="""" id=""fitvid729181""></iframe>; <iframe src=""https://player.vimeo.com/video/214066906?loop=1"" frameborder=""0"" title=""FHT Lesson 3 PART1 FAST"" webkitallowfullscreen="""" mozallowfullscreen="""" allowfullscreen="""" id=""fitvid480311""></iframe>; <iframe src=""https://player.vimeo.com/video/214067053?loop=1"" frameborder=""0"" title=""FHT Lesson 3 PART2 INTRO"" webkitallowfullscreen="""" mozallowfullscreen="""" allowfullscreen="""" id=""fitvid102595""></iframe>; <iframe src=""https://player.vimeo.com/video/214067226?loop=1"" frameborder=""0"" title=""FHT Lesson 3 PART2 SLOW"" webkitallowfullscreen="""" mozallowfullscreen="""" allowfullscreen="""" id=""fitvid199659""></iframe>; <iframe src=""https://player.vimeo.com/video/214067175?loop=1"" frameborder=""0"" title=""FHT Lesson 3 PART2 MEDIUM"" webkitallowfullscreen="""" mozallowfullscreen="""" allowfullscreen="""" id=""fitvid457084""></iframe>; <iframe src=""https://player.vimeo.com/video/214067018?loop=1"" frameborder=""0"" title=""FHT Lesson 3 PART2 FAST"" webkitallowfullscreen="""" mozallowfullscreen="""" allowfullscreen="""" id=""fitvid811733""></iframe>"
"https://tonypolecastro.com/lessons/fretting-hand-toolbox-bends/","https://tonypolecastro.com/wp-content/uploads/2015/01/Fretting-Hand-Toolbox-Ex.-4.1-.pdf; https://tonypolecastro.com/wp-content/uploads/2015/01/Fretting-Hand-Toolbox-Ex.-4.2.pdf","<iframe src=""https://player.vimeo.com/video/214069262"" frameborder=""0"" title=""FHT Lesson 4 INTRO"" webkitallowfullscreen="""" mozallowfullscreen="""" allowfullscreen="""" id=""fitvid185061""></iframe>; <iframe src=""https://player.vimeo.com/video/214069851?loop=1"" frameborder=""0"" title=""FHT Lesson 4 PART1 Explain"" webkitallowfullscreen="""" mozallowfullscreen="""" allowfullscreen="""" id=""fitvid831458""></iframe>; <iframe src=""https://player.vimeo.com/video/214070108?loop=1"" frameborder=""0"" title=""FHT Lesson 4 PART1 SLOW"" webkitallowfullscreen="""" mozallowfullscreen="""" allowfullscreen="""" id=""fitvid828362""></iframe>; <iframe src=""https://player.vimeo.com/video/214070060?loop=1"" frameborder=""0"" title=""FHT Lesson 4 PART1 MEDIUM"" webkitallowfullscreen="""" mozallowfullscreen="""" allowfullscreen="""" id=""fitvid774238""></iframe>; <iframe src=""https://player.vimeo.com/video/214070026?loop=1"" frameborder=""0"" title=""FHT Lesson 4 PART1 FAST"" webkitallowfullscreen="""" mozallowfullscreen="""" allowfullscreen="""" id=""fitvid362295""></iframe>; <iframe src=""https://player.vimeo.com/video/214070188?loop=1"" frameborder=""0"" title=""FHT Lesson 4 PART2 INTRO"" webkitallowfullscreen="""" mozallowfullscreen="""" allowfullscreen="""" id=""fitvid935974""></iframe>; <iframe src=""https://player.vimeo.com/video/214070449?loop=1"" frameborder=""0"" title=""FHT Lesson 4 PART2 SLOW"" webkitallowfullscreen="""" mozallowfullscreen="""" allowfullscreen="""" id=""fitvid823110""></iframe>; <iframe src=""https://player.vimeo.com/video/214070423?loop=1"" frameborder=""0"" title=""FHT Lesson 4 PART2 MEDIUM"" webkitallowfullscreen="""" mozallowfullscreen="""" allowfullscreen="""" id=""fitvid38324""></iframe>; <iframe src=""https://player.vimeo.com/video/214070156?loop=1"" frameborder=""0"" title=""FHT Lesson 4 PART2 FAST"" webkitallowfullscreen="""" mozallowfullscreen="""" allowfullscreen="""" id=""fitvid781958""></iframe>"
"https://tonypolecastro.com/lessons/fretting-hand-toolbox-harmonics/","https://tonypolecastro.com/wp-content/uploads/2015/01/Fretting-Hand-Toolbox-Ex.-5.1.pdf; https://tonypolecastro.com/wp-content/uploads/2015/01/Fretting-Hand-Toolbox-Ex.-5.2.pdf","<iframe src=""https://player.vimeo.com/video/214070536"" frameborder=""0"" title=""FHT Lesson 5 INTRO"" webkitallowfullscreen="""" mozallowfullscreen="""" allowfullscreen="""" id=""fitvid280534""></iframe>; <iframe src=""https://player.vimeo.com/video/214071584?loop=1"" frameborder=""0"" title=""FHT Lesson 5 PART1 Explain"" webkitallowfullscreen="""" mozallowfullscreen="""" allowfullscreen="""" id=""fitvid636333""></iframe>; <iframe src=""https://player.vimeo.com/video/214071788?loop=1"" frameborder=""0"" title=""FHT Lesson 5 PART1 SLOW"" webkitallowfullscreen="""" mozallowfullscreen="""" allowfullscreen="""" id=""fitvid746110""></iframe>; <iframe src=""https://player.vimeo.com/video/214071729?loop=1"" frameborder=""0"" title=""FHT Lesson 5 PART1 MEDIUM"" webkitallowfullscreen="""" mozallowfullscreen="""" allowfullscreen="""" id=""fitvid607555""></iframe>; <iframe src=""https://player.vimeo.com/video/214071681?loop=1"" frameborder=""0"" title=""FHT Lesson 5 PART1 FAST"" webkitallowfullscreen="""" mozallowfullscreen="""" allowfullscreen="""" id=""fitvid232682""></iframe>; <iframe src=""https://player.vimeo.com/video/214071904?loop=1"" frameborder=""0"" title=""FHT Lesson 5 PART2 INTRO"" webkitallowfullscreen="""" mozallowfullscreen="""" allowfullscreen="""" id=""fitvid585611""></iframe>; <iframe src=""https://player.vimeo.com/video/214072131?loop=1"" frameborder=""0"" title=""FHT Lesson 5 PART2 SLOW"" webkitallowfullscreen="""" mozallowfullscreen="""" allowfullscreen="""" id=""fitvid944409""></iframe>; <iframe src=""https://player.vimeo.com/video/214072086?loop=1"" frameborder=""0"" title=""FHT Lesson 5 PART2 MEDIUM"" webkitallowfullscreen="""" mozallowfullscreen="""" allowfullscreen="""" id=""fitvid183257""></iframe>; <iframe src=""https://player.vimeo.com/video/214071863?loop=1"" frameborder=""0"" title=""FHT Lesson 5 PART2 FAST"" webkitallowfullscreen="""" mozallowfullscreen="""" allowfullscreen="""" id=""fitvid731045""></iframe>"
"https://tonypolecastro.com/lessons/fretting-hand-toolbox-congratulations/","","<iframe src=""https://player.vimeo.com/video/213769174"" frameborder=""0"" title=""FHT CONGRATS"" webkitallowfullscreen="""" mozallowfullscreen="""" allowfullscreen="""" id=""fitvid603864""></iframe>"
"https://tonypolecastro.com/lessons/live-qa/","","<iframe src=""https://www.youtube.com/embed/FM46xZk4VoQ?feature=oembed"" frameborder=""0"" allowfullscreen="""" id=""fitvid337390""></iframe>"
"https://tonypolecastro.com/lessons/pete-huttlinger/","","<iframe src=""https://player.vimeo.com/video/204587769"" frameborder=""0"" title=""Pete Huttlinger &amp; Tony Polecastro (Interview &amp; Performance)"" webkitallowfullscreen="""" mozallowfullscreen="""" allowfullscreen="""" id=""fitvid807789""></iframe>"
"https://tonypolecastro.com/lessons/tommy-emmanuel-maton-soundchecks-guitar-wisdom/","","<iframe src=""https://player.vimeo.com/video/204603627"" frameborder=""0"" title=""Tommy Emmanuel Spills the Beans to Tony Polecastro!"" webkitallowfullscreen="""" mozallowfullscreen="""" allowfullscreen="""" id=""fitvid368121""></iframe>"
"https://tonypolecastro.com/lessons/ren-ferguson-lost-story-leaving-gibson/","","<iframe src=""https://player.vimeo.com/video/204615655"" frameborder=""0"" title=""Ren Ferguson - Ex Gibson, now Guild"" webkitallowfullscreen="""" mozallowfullscreen="""" allowfullscreen="""" id=""fitvid170853""></iframe>"
"https://tonypolecastro.com/lessons/chris-martin-devil-pop-art-ceo-martin-guitar/","","<iframe src=""https://player.vimeo.com/video/204596632"" frameborder=""0"" title=""Chris Martin - CEO of Martin Guitars"" webkitallowfullscreen="""" mozallowfullscreen="""" allowfullscreen="""" id=""fitvid971303""></iframe>"
"https://tonypolecastro.com/lessons/bob-taylor-can-save-guitars/","","<iframe src=""https://player.vimeo.com/video/204611740"" frameborder=""0"" title=""Bob Taylor - Can THIS Guy Save Our Guitars"" webkitallowfullscreen="""" mozallowfullscreen="""" allowfullscreen="""" id=""fitvid998505""></iframe>"
"https://tonypolecastro.com/lessons/andy-powers-redesigning-taylor-guitars/","","<iframe src=""https://player.vimeo.com/video/204620929"" frameborder=""0"" title=""Andy Powers - On Redesigning Taylor Guitars"" webkitallowfullscreen="""" mozallowfullscreen="""" allowfullscreen="""" id=""fitvid843272""></iframe>"
"https://tonypolecastro.com/lessons/paul-reed-smith-mushrooms-favorite-tonewood-combination/","","<iframe src=""https://player.vimeo.com/video/204603450"" frameborder=""0"" title=""Paul Reed Smith - CEO of PRS Guitars"" webkitallowfullscreen="""" mozallowfullscreen="""" allowfullscreen="""" id=""fitvid320268""></iframe>"
"https://tonypolecastro.com/lessons/cory-johnson-story-nashville-songwriting/","","<iframe src=""https://www.youtube.com/embed/344wBhiTrK4?feature=oembed"" frameborder=""0"" gesture=""media"" allowfullscreen="""" id=""fitvid652055""></iframe>"
"https://tonypolecastro.com/lessons/charlie-parr-life-traveling-guitar-player/","","<iframe src=""https://player.vimeo.com/video/204630453"" frameborder=""0"" title=""Charlie Parr - Life as a Traveling Guitar Player"" webkitallowfullscreen="""" mozallowfullscreen="""" allowfullscreen="""" id=""fitvid887396""></iframe>"
"https://tonypolecastro.com/lessons/john-lowell-songwriting-guitar-playing/","","<iframe src=""https://player.vimeo.com/video/218665025"" frameborder=""0"" title=""John Lowell - What he learned from Darrell Scott, Ron Block, and Ben Bullington"" webkitallowfullscreen="""" mozallowfullscreen="""" allowfullscreen="""" id=""fitvid750090""></iframe>"
"https://tonypolecastro.com/topic/performance-sarah-hogan/","","<iframe src=""https://player.vimeo.com/video/218637328"" frameborder=""0"" title=""John Lowell - Sarah Hogan"" webkitallowfullscreen="""" mozallowfullscreen="""" allowfullscreen="""" id=""fitvid648821""></iframe>"
"https://tonypolecastro.com/topic/performance-skalkaho-road/","","<iframe src=""https://player.vimeo.com/video/218634868"" frameborder=""0"" title=""John Lowell - Skalkaho Road"" webkitallowfullscreen="""" mozallowfullscreen="""" allowfullscreen="""" id=""fitvid236771""></iframe>"
"https://tonypolecastro.com/topic/performance-rhythm-wheels/","","<iframe src=""https://player.vimeo.com/video/218633528"" frameborder=""0"" title=""John Lowell - The Rhythm of the Wheels"" webkitallowfullscreen="""" mozallowfullscreen="""" allowfullscreen="""" id=""fitvid418702""></iframe>"
"https://tonypolecastro.com/topic/performance-big-sciota/","","<iframe src=""https://player.vimeo.com/video/218631274"" frameborder=""0"" title=""John Lowell - Cherokee Shuffle"" webkitallowfullscreen="""" mozallowfullscreen="""" allowfullscreen="""" id=""fitvid473693""></iframe>"
"https://tonypolecastro.com/lessons/w-o-g/","https://tonypolecastro.com/wp-content/uploads/2015/01/Wheel-of-Guitar-Improvement-1.pdf","<iframe src=""https://player.vimeo.com/video/195025966"" frameborder=""0"" title=""WOGI Workshop Pt. 1: WOGI!"" webkitallowfullscreen="""" mozallowfullscreen="""" allowfullscreen="""" id=""fitvid874694""></iframe>"
"https://tonypolecastro.com/lessons/fretboard-navigation/","","<iframe src=""https://player.vimeo.com/video/195028411"" frameborder=""0"" title=""WOGI Workshop Pt. 2: Fret Intro"" webkitallowfullscreen="""" mozallowfullscreen="""" allowfullscreen="""" id=""fitvid52792""></iframe>"
"https://tonypolecastro.com/topic/decoding-musical-alphabet/","","<iframe src=""https://player.vimeo.com/video/195030854"" frameborder=""0"" title=""WOGI Workshop Pt. 2: Fret 1 of 4"" webkitallowfullscreen="""" mozallowfullscreen="""" allowfullscreen="""" id=""fitvid558590""></iframe>"
"https://tonypolecastro.com/topic/unleashing-octave-patterns/","","<iframe src=""https://player.vimeo.com/video/195034229"" frameborder=""0"" title=""WOGI Workshop Pt. 2: Fret 2 of 4"" webkitallowfullscreen="""" mozallowfullscreen="""" allowfullscreen="""" id=""fitvid894382""></iframe>"
"https://tonypolecastro.com/topic/applying-musical-alphabet-root-note-chord/","","<iframe src=""https://player.vimeo.com/video/195050310"" frameborder=""0"" title=""WOGI Workshop Pt. 2: Fret 3 of 4"" webkitallowfullscreen="""" mozallowfullscreen="""" allowfullscreen="""" id=""fitvid581089""></iframe>"
"https://tonypolecastro.com/topic/scale-patterns-utilize-root-notes/","","<iframe src=""https://player.vimeo.com/video/195051478"" frameborder=""0"" title=""WOGI Workshop Pt. 2: Fret 4 of 4"" webkitallowfullscreen="""" mozallowfullscreen="""" allowfullscreen="""" id=""fitvid468822""></iframe>"
"https://tonypolecastro.com/lessons/technique-tips-tricks/","","<iframe src=""https://player.vimeo.com/video/195051736"" frameborder=""0"" title=""WOGI Workshop Pt. 3: Technique Intro"" webkitallowfullscreen="""" mozallowfullscreen="""" allowfullscreen="""" id=""fitvid794879""></iframe>"
"https://tonypolecastro.com/topic/managing-physical-tension/","","<iframe src=""https://player.vimeo.com/video/195052983"" frameborder=""0"" title=""WOGI Workshop Pt. 3: Technique 1 of 4"" webkitallowfullscreen="""" mozallowfullscreen="""" allowfullscreen="""" id=""fitvid990631""></iframe>"
"https://tonypolecastro.com/topic/mindful-fretting/","","<iframe src=""https://player.vimeo.com/video/195053783"" frameborder=""0"" title=""WOGI Workshop Pt. 3: Technique 2 of 4"" webkitallowfullscreen="""" mozallowfullscreen="""" allowfullscreen="""" id=""fitvid457492""></iframe>"
"https://tonypolecastro.com/topic/letting-gravity-work/","","<iframe src=""https://player.vimeo.com/video/195054551"" frameborder=""0"" title=""WOGI Workshop Pt. 3: Technique 3 of 4"" webkitallowfullscreen="""" mozallowfullscreen="""" allowfullscreen="""" id=""fitvid226622""></iframe>"
"https://tonypolecastro.com/topic/proper-flatpick-approach/","","<iframe src=""https://player.vimeo.com/video/195055559"" frameborder=""0"" title=""WOGI Workshop Pt. 3: Technique 4 of 4"" webkitallowfullscreen="""" mozallowfullscreen="""" allowfullscreen="""" id=""fitvid504185""></iframe>"
"https://tonypolecastro.com/lessons/six-steps-perfect-practice/","","<iframe src=""https://player.vimeo.com/video/195055834"" frameborder=""0"" title=""WOGI Workshop Pt. 4: Practice Intro"" webkitallowfullscreen="""" mozallowfullscreen="""" allowfullscreen="""" id=""fitvid294263""></iframe>"
"https://tonypolecastro.com/topic/set-and-intention/","","<iframe src=""https://player.vimeo.com/video/195307265"" frameborder=""0"" title=""WOGI Workshop Pt. 4: Practice 1 of 6"" webkitallowfullscreen="""" mozallowfullscreen="""" allowfullscreen="""" id=""fitvid662680""></iframe>"
"https://tonypolecastro.com/topic/same-time-same-place/","","<iframe src=""https://player.vimeo.com/video/195308782"" frameborder=""0"" title=""WOGI Workshop Pt. 4: Practice 2 of 6"" webkitallowfullscreen="""" mozallowfullscreen="""" allowfullscreen="""" id=""fitvid715990""></iframe>"
"https://tonypolecastro.com/topic/warmup/","","<iframe src=""https://player.vimeo.com/video/195333124"" frameborder=""0"" title=""WOGI Workshop Pt. 4: Practice 3 of 6"" webkitallowfullscreen="""" mozallowfullscreen="""" allowfullscreen="""" id=""fitvid106665""></iframe>"
"https://tonypolecastro.com/topic/minimum-time-commitment/","","<iframe src=""https://player.vimeo.com/video/195310278"" frameborder=""0"" title=""WOGI Workshop Pt. 4: Practice 4 of 6"" webkitallowfullscreen="""" mozallowfullscreen="""" allowfullscreen="""" id=""fitvid553375""></iframe>"
"https://tonypolecastro.com/topic/end-high-note/","","<iframe src=""https://player.vimeo.com/video/195311411"" frameborder=""0"" title=""WOGI Workshop Pt. 4: Practice 5 of 6"" webkitallowfullscreen="""" mozallowfullscreen="""" allowfullscreen="""" id=""fitvid435946""></iframe>"
"https://tonypolecastro.com/topic/reflect-and-evaluate/","https://tonypolecastro.com/wp-content/uploads/2015/01/TAC-Ultimate-Guitar-Practice-Template-BLANK.pdf","<iframe src=""https://player.vimeo.com/video/195312900"" frameborder=""0"" title=""WOGI Workshop Pt. 4: Practice 6 of 6"" webkitallowfullscreen="""" mozallowfullscreen="""" allowfullscreen="""" id=""fitvid257804""></iframe>"
"https://tonypolecastro.com/topic/tuning/","","<iframe src=""https://player.vimeo.com/video/152355139"" frameborder=""0"" title=""AFB - Lesson 1 - Part A"" webkitallowfullscreen="""" mozallowfullscreen="""" allowfullscreen="""" id=""fitvid548503""></iframe>"
"https://tonypolecastro.com/topic/reading-tabs/","https://tonypolecastro.com/wp-content/uploads/2015/01/Tuning-and-Fretting-Basics.pdf","<iframe src=""https://player.vimeo.com/video/152355141"" frameborder=""0"" title=""AFB - Lesson 1 - Part B"" webkitallowfullscreen="""" mozallowfullscreen="""" allowfullscreen="""" id=""fitvid677634""></iframe>"
"https://tonypolecastro.com/topic/fretting/","https://tonypolecastro.com/wp-content/uploads/2015/01/Tuning-and-Fretting-Basics.pdf","<iframe src=""https://player.vimeo.com/video/152355145"" frameborder=""0"" title=""AFB - Lesson 1 - Part C"" webkitallowfullscreen="""" mozallowfullscreen="""" allowfullscreen="""" id=""fitvid299532""></iframe>"
"https://tonypolecastro.com/topic/hello-blues-shuffle-nice-to-meet-you/","https://tonypolecastro.com/wp-content/uploads/2015/01/Hello-Blues-Shuffle-Nice-To-Meet-You.pdf","<iframe src=""https://player.vimeo.com/video/152355143"" frameborder=""0"" title=""AFB - Lesson 2 - Part A"" webkitallowfullscreen="""" mozallowfullscreen="""" allowfullscreen="""" id=""fitvid630939""></iframe>"
"https://tonypolecastro.com/topic/its-all-about-the-patterns/","https://tonypolecastro.com/wp-content/uploads/2015/01/Its-All-About-The-Patterns-The-Blues-Shuffle-Part-2.pdf","<iframe src=""https://player.vimeo.com/video/152355142"" frameborder=""0"" title=""AFB - Lesson 2 - Part B"" webkitallowfullscreen="""" mozallowfullscreen="""" allowfullscreen="""" id=""fitvid418867""></iframe>"
"https://tonypolecastro.com/topic/the-little-pieces-come-together/","https://tonypolecastro.com/wp-content/uploads/2015/01/The-Little-Pieces-Come-Together-12-Barre-Blues.pdf","<iframe src=""https://player.vimeo.com/video/152355147"" frameborder=""0"" title=""AFB - Lesson 2 - Part C"" webkitallowfullscreen="""" mozallowfullscreen="""" allowfullscreen="""" id=""fitvid259554""></iframe>"
"https://tonypolecastro.com/topic/the-blues-strike-a-chord/","https://tonypolecastro.com/wp-content/uploads/2015/01/The-Blues-Strike-A-Chord-The-E-A-and-D-Chords.pdf","<iframe src=""https://player.vimeo.com/video/152355151"" frameborder=""0"" title=""AFB - Lesson 3 - Part A"" webkitallowfullscreen="""" mozallowfullscreen="""" allowfullscreen="""" id=""fitvid438004""></iframe>"
"https://tonypolecastro.com/topic/smooth-moves/","https://tonypolecastro.com/wp-content/uploads/2015/01/Smooth-Moves-Transitioning-Between-Chords.pdf","<iframe src=""https://player.vimeo.com/video/152355152"" frameborder=""0"" title=""AFB - Lesson 3 - Part B"" webkitallowfullscreen="""" mozallowfullscreen="""" allowfullscreen="""" id=""fitvid363231""></iframe>"
"https://tonypolecastro.com/topic/adding-some-spice/","https://tonypolecastro.com/wp-content/uploads/2015/01/Adding-SpiceTransitioning-With-Speed-and-Variety.pdf","<iframe src=""https://player.vimeo.com/video/152355150"" frameborder=""0"" title=""AFB - Lesson 3 - Part C"" webkitallowfullscreen="""" mozallowfullscreen="""" allowfullscreen="""" id=""fitvid895142""></iframe>"
"https://tonypolecastro.com/topic/the-definition-of-a-riff/","https://tonypolecastro.com/wp-content/uploads/2015/01/The-Definition-Of-A-Riff-1.pdf","<iframe src=""https://player.vimeo.com/video/152355148"" frameborder=""0"" title=""AFB - Lesson 4 - Part A"" webkitallowfullscreen="""" mozallowfullscreen="""" allowfullscreen="""" id=""fitvid657336""></iframe>"
"https://tonypolecastro.com/topic/one-riff-two-riff-three-riff-whammo/","https://tonypolecastro.com/wp-content/uploads/2015/01/One-Riff-Two-Riff-Three-Riff-Whammo.pdf","<iframe src=""https://player.vimeo.com/video/152359799"" frameborder=""0"" title=""AFB - Lesson 4 - Part B"" webkitallowfullscreen="""" mozallowfullscreen="""" allowfullscreen="""" id=""fitvid435929""></iframe>"
"https://tonypolecastro.com/topic/backing-track/","https://tonypolecastro.com/wp-content/uploads/2015/01/One-Riff-Two-Riff-Three-Riff-Whammo.pdf","<iframe src=""https://player.vimeo.com/video/152359800"" frameborder=""0"" title=""AFB - Lesson 4 - Part B (Backing Track)"" webkitallowfullscreen="""" mozallowfullscreen="""" allowfullscreen="""" id=""fitvid961785""></iframe>"
"https://tonypolecastro.com/topic/the-sad-sad-side-of-minor-chords/","https://tonypolecastro.com/wp-content/uploads/2015/01/The-Sad-Sad-Side-Of-Minor-Chords.pdf","<iframe src=""https://player.vimeo.com/video/152359798"" frameborder=""0"" title=""AFB - Lesson 5 - Part A"" webkitallowfullscreen="""" mozallowfullscreen="""" allowfullscreen="""" id=""fitvid972797""></iframe>"
"https://tonypolecastro.com/topic/changes-changes-changes/","https://tonypolecastro.com/wp-content/uploads/2015/01/Changes-Changes-Changes.pdf","<iframe src=""https://player.vimeo.com/video/152359801"" frameborder=""0"" title=""AFB - Lesson 5 - Part B"" webkitallowfullscreen="""" mozallowfullscreen="""" allowfullscreen="""" id=""fitvid523318""></iframe>"
"https://tonypolecastro.com/topic/the-boom-chick-a/","https://tonypolecastro.com/wp-content/uploads/2015/01/The-Boom-Chick-A.pdf","<iframe src=""https://player.vimeo.com/video/152359804"" frameborder=""0"" title=""AFB - Lesson 5 - Part C"" webkitallowfullscreen="""" mozallowfullscreen="""" allowfullscreen="""" id=""fitvid337496""></iframe>"
"https://tonypolecastro.com/topic/sorcerer-like-riffage/","https://tonypolecastro.com/wp-content/uploads/2015/01/Sorcerer-Like-Riffage.pdf","<iframe src=""https://player.vimeo.com/video/152359803"" frameborder=""0"" title=""AFB - Lesson 5 - Part D"" webkitallowfullscreen="""" mozallowfullscreen="""" allowfullscreen="""" id=""fitvid997213""></iframe>"
"https://tonypolecastro.com/topic/backing-track-2/","https://tonypolecastro.com/wp-content/uploads/2015/01/Sorcerer-Like-Riffage.pdf","<iframe src=""https://player.vimeo.com/video/152359812"" frameborder=""0"" title=""AFB - Lesson 5 - Part D (Backing Track)"" webkitallowfullscreen="""" mozallowfullscreen="""" allowfullscreen="""" id=""fitvid743373""></iframe>"
"https://tonypolecastro.com/topic/the-friendly-c-f-and-g-chords/","https://tonypolecastro.com/wp-content/uploads/2015/01/The-Friendly-C-F-And-G-Chords.pdf","<iframe src=""https://player.vimeo.com/video/152359813"" frameborder=""0"" title=""AFB - Lesson 6 - Part A"" webkitallowfullscreen="""" mozallowfullscreen="""" allowfullscreen="""" id=""fitvid542897""></iframe>"
"https://tonypolecastro.com/topic/raising-the-bar-on-chord-transitions/","https://tonypolecastro.com/wp-content/uploads/2015/01/Raising-The-Bar-On-Chord-Transitions.pdf","<iframe src=""https://player.vimeo.com/video/152359810"" frameborder=""0"" title=""AFB - Lesson 6 - Part B"" webkitallowfullscreen="""" mozallowfullscreen="""" allowfullscreen="""" id=""fitvid217190""></iframe>"
"https://tonypolecastro.com/topic/one-of-the-top-ten-rhythm-patterns/","https://tonypolecastro.com/wp-content/uploads/2015/01/One-Of-The-Top-Ten-Rhythm-Patterns.pdf","<iframe src=""https://player.vimeo.com/video/152359806"" frameborder=""0"" title=""AFB - Lesson 6 - Part C"" webkitallowfullscreen="""" mozallowfullscreen="""" allowfullscreen="""" id=""fitvid232976""></iframe>"
"https://tonypolecastro.com/topic/and-the-riffs-go-ooooon/","https://tonypolecastro.com/wp-content/uploads/2015/01/And-The-Riffs-Go-Ooooon.pdf","<iframe src=""https://player.vimeo.com/video/152359808"" frameborder=""0"" title=""AFB - Lesson 6 - Part D"" webkitallowfullscreen="""" mozallowfullscreen="""" allowfullscreen="""" id=""fitvid780614""></iframe>"
"https://tonypolecastro.com/topic/backing-track-3/","https://tonypolecastro.com/wp-content/uploads/2015/01/And-The-Riffs-Go-Ooooon.pdf","<iframe src=""https://player.vimeo.com/video/152359807"" frameborder=""0"" title=""AFB - Lesson 6 - Part D (Backing Track)"" webkitallowfullscreen="""" mozallowfullscreen="""" allowfullscreen="""" id=""fitvid702262""></iframe>"
"https://tonypolecastro.com/lessons/congrats/","","<iframe src=""https://player.vimeo.com/video/152359802"" frameborder=""0"" title=""AFB - Congrats!"" webkitallowfullscreen="""" mozallowfullscreen="""" allowfullscreen="""" id=""fitvid272573""></iframe>"
"https://tonypolecastro.com/lessons/44-time-simple-divisions/","https://tonypolecastro.com/wp-content/uploads/2015/01/Strumming-Jumpstart-Lesson-1.pdf","<iframe src=""https://player.vimeo.com/video/165024575"" frameborder=""0"" title=""Lesson 1- 4-4 Time And it’s Simple Divisions (Strumming 101)"" webkitallowfullscreen="""" mozallowfullscreen="""" allowfullscreen="""" id=""fitvid186850""></iframe>"
"https://tonypolecastro.com/lessons/34-time-simple-divisions/","https://tonypolecastro.com/wp-content/uploads/2015/01/Strumming-Jumpstart-Lesson-2.pdf","<iframe src=""https://player.vimeo.com/video/165024574"" frameborder=""0"" title=""Lesson 2- 3-4 Time and it's Common Divisions (Strumming 101)"" webkitallowfullscreen="""" mozallowfullscreen="""" allowfullscreen="""" id=""fitvid412745""></iframe>"
"https://tonypolecastro.com/lessons/golden-rule-strum-direction/","https://tonypolecastro.com/wp-content/uploads/2015/01/Strumming-Jumpstart-Lesson-3.pdf","<iframe src=""https://player.vimeo.com/video/165024573"" frameborder=""0"" title=""Lesson 3- The Golden Rule of Strumming (Strumming 101)"" webkitallowfullscreen="""" mozallowfullscreen="""" allowfullscreen="""" id=""fitvid648490""></iframe>"
"https://tonypolecastro.com/lessons/interpretations-rhythmic-pattern/","https://tonypolecastro.com/wp-content/uploads/2015/01/Strumming-Jumpstart-Lesson-4-1.pdf","<iframe src=""https://player.vimeo.com/video/165027480"" frameborder=""0"" title=""Lesson 4- How to by Dynamic With Your Strumming Patterns"" webkitallowfullscreen="""" mozallowfullscreen="""" allowfullscreen="""" id=""fitvid509727""></iframe>"
"https://tonypolecastro.com/lessons/mixing-note-values-44/","https://tonypolecastro.com/wp-content/uploads/2015/01/Strumming-Jumpstart-Lesson-5.pdf","<iframe src=""https://player.vimeo.com/video/165027479"" frameborder=""0"" title=""Lesson 5- Mixing note values in 4-4"" webkitallowfullscreen="""" mozallowfullscreen="""" allowfullscreen="""" id=""fitvid138441""></iframe>"
"https://tonypolecastro.com/lessons/mixing-note-values-34/","https://tonypolecastro.com/wp-content/uploads/2015/01/Strumming-Jumpstart-Lesson-6.pdf","<iframe src=""https://player.vimeo.com/video/165031921"" frameborder=""0"" title=""Lesson 6- Mixing note values in 3-4"" webkitallowfullscreen="""" mozallowfullscreen="""" allowfullscreen="""" id=""fitvid805788""></iframe>"
"https://tonypolecastro.com/lessons/10-essential-strumming-patterns/","https://tonypolecastro.com/wp-content/uploads/2015/01/Strumming-Jumpstart-Lesson-7.pdf","<iframe src=""https://player.vimeo.com/video/165031920"" frameborder=""0"" title=""Lesson Seven-10 essential strumming patterns"" webkitallowfullscreen="""" mozallowfullscreen="""" allowfullscreen="""" id=""fitvid264151""></iframe>"
"https://tonypolecastro.com/lessons/finger-familiarity-technique/","https://tonypolecastro.com/wp-content/uploads/2015/01/Fingerpicking-Jumpstart-Lesson-1.pdf","<iframe src=""https://player.vimeo.com/video/157611566"" frameborder=""0"" title=""FGR Jumpstart 1 - Finger Familiarity and Technique"" webkitallowfullscreen="""" mozallowfullscreen="""" allowfullscreen="""" id=""fitvid734954""></iframe>"
"https://tonypolecastro.com/lessons/all-thumbs/","https://tonypolecastro.com/wp-content/uploads/2015/01/Fingerpicking-Jumpstart-Lesson-2.pdf","<iframe src=""https://player.vimeo.com/video/157611567"" frameborder=""0"" title=""FGR Jumpstart 2 - All Thumbs"" webkitallowfullscreen="""" mozallowfullscreen="""" allowfullscreen="""" id=""fitvid65255""></iframe>"
"https://tonypolecastro.com/lessons/pinching-pyrotechics/","https://tonypolecastro.com/wp-content/uploads/2015/01/Fingerpicking-Jumpstart-Lesson-3.pdf","<iframe src=""https://player.vimeo.com/video/157611573"" frameborder=""0"" title=""FGR Jumpstart 3 - Pinching Pyrotechics"" webkitallowfullscreen="""" mozallowfullscreen="""" allowfullscreen="""" id=""fitvid472411""></iframe>"
"https://tonypolecastro.com/lessons/staggered-pinchers-eighth-notes/","https://tonypolecastro.com/wp-content/uploads/2015/01/Fingerpicking-Jumpstart-Lesson-4.pdf","<iframe src=""https://player.vimeo.com/video/157611576"" frameborder=""0"" title=""FGR Jumpstart 4 - Staggered Pinchers and the Eighth Notes"" webkitallowfullscreen="""" mozallowfullscreen="""" allowfullscreen="""" id=""fitvid901344""></iframe>"
"https://tonypolecastro.com/lessons/fingerpickers-friend-mixed-note-values/","https://tonypolecastro.com/wp-content/uploads/2015/01/Fingerpicking-Jumpstart-Lesson-5.pdf","<iframe src=""https://player.vimeo.com/video/157613118"" frameborder=""0"" title=""FGR Jumpstart 5 - The Fingerpickers Friend Mixed Note Values"" webkitallowfullscreen="""" mozallowfullscreen="""" allowfullscreen="""" id=""fitvid660356""></iframe>"
"https://tonypolecastro.com/lessons/adding-some-panache/","https://tonypolecastro.com/wp-content/uploads/2015/01/Fingerpicking-Jumpstart-Lesson-6.pdf","<iframe src=""https://player.vimeo.com/video/157615797"" frameborder=""0"" title=""FGR Jumpstart 6 - Adding Some Panache"" webkitallowfullscreen="""" mozallowfullscreen="""" allowfullscreen="""" id=""fitvid247077""></iframe>"
"https://tonypolecastro.com/lessons/holding-flatpick-right-way/","https://tonypolecastro.com/wp-content/uploads/2015/01/Flatpicking-Jumpstart-Lesson-1.pdf","<iframe src=""https://player.vimeo.com/video/158348475"" frameborder=""0"" title=""Flatpicking Jumpstart Part 1 - Holding Your Flatpick The Right Way"" webkitallowfullscreen="""" mozallowfullscreen="""" allowfullscreen="""" id=""fitvid832810""></iframe>"
"https://tonypolecastro.com/lessons/string-familiarity-stroke/","https://tonypolecastro.com/wp-content/uploads/2015/01/Flatpicking-Jumpstart-Lesson-2.pdf","<iframe src=""https://player.vimeo.com/video/158348476"" frameborder=""0"" title=""Flatpicking Jumpstart part 2 - String Familiarity and Understanding the Down Stroke"" webkitallowfullscreen="""" mozallowfullscreen="""" allowfullscreen="""" id=""fitvid339060""></iframe>"
"https://tonypolecastro.com/lessons/golden-rule-flatpicking/","https://tonypolecastro.com/wp-content/uploads/2015/01/Flatpicking-Jumpstart-Lesson-3.pdf","<iframe src=""https://player.vimeo.com/video/158348480"" frameborder=""0"" title=""Flatpicking Jumpstart Part 3 - The Golden Rule of Flatpicking"" webkitallowfullscreen="""" mozallowfullscreen="""" allowfullscreen="""" id=""fitvid665887""></iframe>"
"https://tonypolecastro.com/lessons/open-position-g-major-scale/","https://tonypolecastro.com/wp-content/uploads/2015/01/Flatpicking-Jumpstart-Lesson-4.pdf","<iframe src=""https://player.vimeo.com/video/158348481"" frameborder=""0"" title=""Flatpicking Jumpstart Part 4 - The Open Position G Major Scale"" webkitallowfullscreen="""" mozallowfullscreen="""" allowfullscreen="""" id=""fitvid94681""></iframe>"
"https://tonypolecastro.com/lessons/open-position-c-major-scale/","https://tonypolecastro.com/wp-content/uploads/2015/01/Flatpicking-Jumpstart-Lesson-5.pdf","<iframe src=""https://player.vimeo.com/video/158348483"" frameborder=""0"" title=""Flatpicking Jumpstart Part 5 - The Open Position C Major Scale"" webkitallowfullscreen="""" mozallowfullscreen="""" allowfullscreen="""" id=""fitvid487614""></iframe>"
"https://tonypolecastro.com/lessons/string-skipping-mixed-note-values/","https://tonypolecastro.com/wp-content/uploads/2015/01/Flatpicking-Jumpstart-Lesson-6.pdf","<iframe src=""https://player.vimeo.com/video/158348487"" frameborder=""0"" title=""Flatpicking Jumpstart Part 6 - String Skipping and Mixed Note Values"" webkitallowfullscreen="""" mozallowfullscreen="""" allowfullscreen="""" id=""fitvid50995""></iframe>"
